,Unnamed: 0,Unnamed: 0.1,Unnamed: 0.1.1,Unnamed: 0.1.1.1,Unnamed: 0.1.1.1.1,EPIC,KepMag,Kmag,Teff,mass,Radius
0,0,0,0,0,0,integer,float,float,integer,float,float
1,1,1,1,1,1,229159990,13.731,11.786,5157,0.892,3.437
2,2,2,2,2,2,229160096,12.706,10.955,5399,0.858,2.450
3,3,3,3,3,3,229160115,16.679,15.197,5321,0.795,0.784
4,4,4,4,4,4,229160150,17.405,,,,
5,5,5,5,5,5,229160158,17.308,,,,
6,6,6,6,6,6,229160267,14.250,12.518,5453,0.829,0.802
7,7,7,7,7,7,229160301,13.167,11.879,6243,0.989,1.331
8,8,8,8,8,8,229160305,12.821,10.750,5075,0.936,2.639
9,9,9,9,9,9,229160336,13.964,12.511,5788,0.905,0.955
10,10,10,10,10,10,229160415,14.608,11.539,3768,0.391,0.360
11,11,11,11,11,11,229160432,12.615,11.216,5904,1.110,1.230
12,12,12,12,12,12,229160505,14.250,12.267,5049,0.685,0.670
13,13,13,13,13,13,229160618,15.676,13.652,,,
14,14,14,14,14,14,229160669,13.693,11.648,4943,0.774,0.716
15,15,15,15,15,15,229160687,18.373,,,,
16,16,16,16,16,16,229160873,15.386,12.525,3397,0.182,0.197
17,17,17,17,17,17,229160885,14.795,12.967,5107,0.887,2.605
18,18,18,18,18,18,229160886,19.160,,,,
19,19,19,19,19,19,229161019,9.980,8.963,6438,1.385,1.690
20,20,20,20,20,20,229161131,16.777,,,,
21,21,21,21,21,21,229161135,13.840,10.980,3988,0.501,0.445
22,22,22,22,22,22,229161149,17.115,,,,
23,23,23,23,23,23,229161245,16.267,12.808,3672,0.296,0.283
24,24,24,24,24,24,229161280,12.391,10.950,5860,1.003,1.151
25,25,25,25,25,25,229161291,17.928,,,,
26,26,26,26,26,26,229161343,9.041,6.369,4302,1.194,18.250
27,27,27,27,27,27,229161437,11.757,10.261,6048,1.044,1.276
28,28,28,28,28,28,229161448,15.293,12.179,3966,0.494,0.439
29,29,29,29,29,29,229161481,11.801,10.241,5988,1.042,1.125
30,30,30,30,30,30,229161498,15.085,13.238,5010,0.749,0.701
31,31,31,31,31,31,229161640,17.116,14.429,,,
32,32,32,32,32,32,229161645,13.277,11.245,4916,0.945,4.412
33,33,33,33,33,33,229161648,14.516,12.569,5076,0.859,1.788
34,34,34,34,34,34,229161657,16.140,14.000,,,
35,35,35,35,35,35,229161713,16.785,14.782,,,
36,36,36,36,36,36,229161741,16.581,14.208,,,
37,37,37,37,37,37,229161806,13.764,11.306,4655,0.697,0.648
38,38,38,38,38,38,229161827,13.461,11.998,5778,0.935,0.950
39,39,39,39,39,39,229161834,17.552,14.454,4066,0.516,0.454
40,40,40,40,40,40,229161846,16.096,14.236,,,
41,41,41,41,41,41,229161869,12.478,11.190,6202,1.114,1.314
42,42,42,42,42,42,229161951,17.397,14.872,3788,0.324,0.309
43,43,43,43,43,43,229161959,14.887,12.918,5056,0.792,0.749
44,44,44,44,44,44,229161966,18.530,,,,
45,45,45,45,45,45,229162100,15.104,13.207,4971,0.825,0.775
46,46,46,46,46,46,229162114,14.872,12.988,5391,0.849,0.847
47,47,47,47,47,47,229162178,11.688,10.252,5983,0.998,1.246
48,48,48,48,48,48,229162202,14.048,11.884,4982,0.785,0.728
49,49,49,49,49,49,229162209,15.740,12.410,4058,0.535,0.475
50,50,50,50,50,50,229162223,15.313,13.220,4975,0.776,0.711
51,51,51,51,51,51,229162229,16.800,14.780,5440,0.797,2.456
52,52,52,52,52,52,229162274,12.034,10.459,5608,1.003,1.011
53,53,53,53,53,53,229162336,13.953,11.848,5050,0.731,0.691
54,54,54,54,54,54,229162376,12.211,10.163,5061,0.897,9.276
55,55,55,55,55,55,229162508,10.113,8.860,5940,1.241,2.004
56,56,56,56,56,56,229162512,16.840,,,,
57,57,57,57,57,57,229162567,16.946,,,,
58,58,58,58,58,58,229162578,16.890,14.582,4421,0.614,0.552
59,59,59,59,59,59,229162596,17.376,,,,
60,60,60,60,60,60,229162664,16.264,14.547,5284,0.814,0.806
61,61,61,61,61,61,229162793,15.908,13.011,3817,0.405,0.365
62,62,62,62,62,62,229162890,14.964,12.225,4093,0.545,0.483
63,63,63,63,63,63,229162902,14.973,13.052,5312,0.820,2.250
64,64,64,64,64,64,229163080,12.955,11.754,6183,1.066,1.319
65,65,65,65,65,65,229163081,18.186,,,,
66,66,66,66,66,66,229163114,12.903,11.476,6003,1.105,1.396
67,67,67,67,67,67,229163137,19.261,,,,
68,68,68,68,68,68,229163177,11.851,9.278,4543,0.957,14.014
69,69,69,69,69,69,229163185,17.294,,,,
70,70,70,70,70,70,229163252,13.701,11.534,4945,0.939,2.867
71,71,71,71,71,71,229163259,13.903,12.449,6038,0.981,1.135
72,72,72,72,72,72,229163311,16.162,14.329,4950,0.813,2.894
73,73,73,73,73,73,229163318,17.139,,,,
74,74,74,74,74,74,229163335,10.756,9.400,6051,1.010,1.089
75,75,75,75,75,75,229163381,13.455,11.538,5155,0.871,0.805
76,76,76,76,76,76,229163398,16.059,13.176,3754,0.307,0.291
77,77,77,77,77,77,229163478,12.954,11.378,5765,0.848,0.900
78,78,78,78,78,78,229163519,18.276,,,,
79,79,79,79,79,79,229163571,13.787,12.110,5343,0.872,0.827
80,80,80,80,80,80,229163602,15.055,13.044,5043,0.823,0.776
81,81,81,81,81,81,229163674,12.545,10.693,5337,0.824,0.777
82,82,82,82,82,82,229163682,13.791,11.955,5441,0.920,1.415
83,83,83,83,83,83,229163742,18.098,14.647,3712,0.292,0.296
84,84,84,84,84,84,229163767,13.506,12.035,5882,0.871,0.946
85,85,85,85,85,85,229163880,10.705,9.499,6334,1.478,2.147
86,86,86,86,86,86,229163941,15.284,12.092,3663,0.281,0.272
87,87,87,87,87,87,229163942,10.413,8.861,5780,1.041,1.501
88,88,88,88,88,88,229163993,14.477,13.179,6405,0.781,1.044
89,89,89,89,89,89,229164049,14.117,12.193,5086,0.809,0.758
90,90,90,90,90,90,229164066,14.319,12.143,4933,0.810,0.753
91,91,91,91,91,91,229164068,13.750,12.128,5638,0.894,0.902
92,92,92,92,92,92,229164070,15.563,13.933,,,
93,93,93,93,93,93,229164077,16.588,14.663,5037,0.809,11.363
94,94,94,94,94,94,229164119,14.907,12.174,4133,0.545,0.485
95,95,95,95,95,95,229164170,18.323,,,,
96,96,96,96,96,96,229164178,13.410,11.863,5753,0.970,1.175
97,97,97,97,97,97,229164198,17.262,14.785,,,
98,98,98,98,98,98,229164199,16.336,15.149,5833,0.677,0.660
99,99,99,99,99,99,229164263,19.045,,,,
100,100,100,100,100,100,229164381,14.795,12.869,5097,0.827,0.773
101,101,101,101,101,101,229164406,13.563,11.485,4945,0.920,8.207
102,102,102,102,102,102,229164457,12.932,10.036,3902,0.464,0.408
103,103,103,103,103,103,229164472,13.264,11.988,6022,1.094,1.276
104,104,104,104,104,104,229164583,14.702,12.843,4996,0.635,0.592
105,105,105,105,105,105,229164660,17.445,14.239,3414,0.189,0.207
106,106,106,106,106,106,229164663,18.604,,,,
107,107,107,107,107,107,229164724,19.359,,,,
108,108,108,108,108,108,229164725,8.898,7.470,6453,1.274,1.336
109,109,109,109,109,109,229164781,18.484,,,,
110,110,110,110,110,110,229164802,13.487,11.959,5716,0.801,0.831
111,111,111,111,111,111,229164831,12.830,11.180,5658,0.952,1.037
112,112,112,112,112,112,229164833,17.417,14.691,3646,0.264,0.270
113,113,113,113,113,113,229164835,18.532,,,,
114,114,114,114,114,114,229164839,12.878,11.522,5964,0.956,1.140
115,115,115,115,115,115,229164853,15.734,12.376,3284,0.145,0.169
116,116,116,116,116,116,229165160,16.818,15.056,5388,0.802,3.659
117,117,117,117,117,117,229165302,17.629,15.275,4454,0.631,0.574
118,118,118,118,118,118,229165311,11.374,10.033,6092,0.996,1.122
119,119,119,119,119,119,229165345,18.721,,,,
120,120,120,120,120,120,229165347,14.190,12.376,5217,0.863,0.807
121,121,121,121,121,121,229165392,15.491,11.972,3508,0.240,0.247
122,122,122,122,122,122,229165483,15.376,13.103,4938,0.815,0.754
123,123,123,123,123,123,229165541,14.434,11.272,3865,0.486,0.432
124,124,124,124,124,124,229165552,10.275,8.696,5435,0.911,0.850
125,125,125,125,125,125,229165704,18.698,,,,
126,126,126,126,126,126,229165713,14.131,12.055,4959,0.761,0.715
127,127,127,127,127,127,229165930,14.137,12.336,5258,0.894,0.838
128,128,128,128,128,128,229165995,18.928,,,,
129,129,129,129,129,129,229166111,15.581,12.833,3696,0.274,0.268
130,130,130,130,130,130,229166114,16.318,14.140,,,
131,131,131,131,131,131,229166208,13.167,11.611,5636,0.946,0.938
132,132,132,132,132,132,229166221,18.259,,,,
133,133,133,133,133,133,229166488,14.958,12.832,4925,0.746,0.686
134,134,134,134,134,134,229166501,13.959,12.348,5833,0.979,1.083
135,135,135,135,135,135,229166533,14.944,12.789,5052,0.766,0.730
136,136,136,136,136,136,229166544,16.444,13.001,3561,0.223,0.237
137,137,137,137,137,137,229166579,16.039,13.988,,,
138,138,138,138,138,138,229166612,9.156,6.862,4729,1.390,11.078
139,139,139,139,139,139,229166643,16.699,14.656,5080,0.634,0.596
140,140,140,140,140,140,229166848,14.382,12.265,4860,0.799,0.733
141,141,141,141,141,141,229166864,14.504,11.423,3843,0.448,0.396
142,142,142,142,142,142,229166866,13.830,12.210,5761,0.952,0.988
143,143,143,143,143,143,229166902,15.156,12.352,3698,0.252,0.249
144,144,144,144,144,144,229166939,14.234,12.310,5058,0.892,3.161
145,145,145,145,145,145,229166960,15.367,12.405,4099,0.523,0.473
146,146,146,146,146,146,229166965,16.154,14.064,,,
147,147,147,147,147,147,229166981,14.389,12.234,4922,0.777,0.720
148,148,148,148,148,148,229166992,15.722,12.834,3889,0.453,0.402
149,149,149,149,149,149,229167100,17.409,,,,
150,150,150,150,150,150,229167114,16.918,14.693,,,
151,151,151,151,151,151,229167133,15.367,13.521,5227,0.860,2.333
152,152,152,152,152,152,229167146,15.133,12.795,4697,0.737,0.670
153,153,153,153,153,153,229167156,13.101,11.775,6258,0.931,1.180
154,154,154,154,154,154,229167157,18.029,,,,
155,155,155,155,155,155,229167237,11.011,9.618,6127,1.200,1.749
156,156,156,156,156,156,229167295,12.851,9.616,3647,0.307,0.293
157,157,157,157,157,157,229167366,14.424,13.393,6610,0.787,1.270
158,158,158,158,158,158,229167376,15.914,14.489,5510,0.641,0.593
159,159,159,159,159,159,229167465,14.320,12.268,4950,0.684,0.649
160,160,160,160,160,160,229167571,17.495,15.351,5590,0.762,0.749
161,161,161,161,161,161,229167688,13.082,11.160,5214,0.902,6.598
162,162,162,162,162,162,229167733,10.666,9.229,5813,0.920,0.925
163,163,163,163,163,163,229167756,15.765,13.467,,,
164,164,164,164,164,164,229167793,14.481,12.465,5015,0.796,0.735
165,165,165,165,165,165,229167825,18.023,,,,
166,166,166,166,166,166,229167848,12.492,11.076,5963,0.996,1.174
167,167,167,167,167,167,229168051,16.123,12.617,3446,0.197,0.214
168,168,168,168,168,168,229168054,16.587,14.862,,,
169,169,169,169,169,169,229168242,18.985,,,,
170,170,170,170,170,170,229168315,16.482,14.909,5478,0.689,0.670
171,171,171,171,171,171,229168317,13.402,11.656,5163,0.903,3.232
172,172,172,172,172,172,229168400,13.983,12.540,5785,0.897,0.957
173,173,173,173,173,173,229168435,16.876,14.098,3703,0.300,0.283
174,174,174,174,174,174,229168456,15.308,12.786,4412,0.655,0.594
175,175,175,175,175,175,229168530,10.366,8.264,4838,0.963,8.118
176,176,176,176,176,176,229168556,17.403,14.285,3934,0.415,0.377
177,177,177,177,177,177,229168618,16.466,,,,
178,178,178,178,178,178,229168626,13.492,12.094,6001,1.016,1.308
179,179,179,179,179,179,229168639,18.740,,,,
180,180,180,180,180,180,229168651,18.337,14.825,3727,0.324,0.294
181,181,181,181,181,181,229168757,13.933,12.374,5529,0.839,0.810
182,182,182,182,182,182,229168809,14.711,11.069,3360,0.171,0.190
183,183,183,183,183,183,229168824,17.609,,,,
184,184,184,184,184,184,229168931,12.640,11.260,6039,0.959,1.166
185,185,185,185,185,185,229169040,15.011,12.616,4511,0.648,0.600
186,186,186,186,186,186,229169270,14.610,12.764,5437,0.816,0.783
187,187,187,187,187,187,229169358,13.831,12.368,5785,0.964,0.998
188,188,188,188,188,188,229169512,17.018,14.428,,,
189,189,189,189,189,189,229169570,13.871,10.723,3743,0.403,0.362
190,190,190,190,190,190,229169606,16.797,14.831,5138,0.810,8.810
191,191,191,191,191,191,229169617,13.963,11.005,3144,0.144,0.169
192,192,192,192,192,192,229169708,12.292,9.774,4478,0.812,67.540
193,193,193,193,193,193,229169771,13.356,11.494,5333,0.877,1.899
194,194,194,194,194,194,229169801,13.867,11.850,5187,0.849,0.784
195,195,195,195,195,195,229169805,14.595,12.813,5450,0.881,0.852
196,196,196,196,196,196,229169959,10.184,8.512,5633,0.970,0.932
197,197,197,197,197,197,229170025,15.750,13.185,4410,0.662,0.600
198,198,198,198,198,198,229170124,15.426,12.168,3720,0.383,0.353
199,199,199,199,199,199,229170181,16.845,15.043,5265,0.805,3.916
200,200,200,200,200,200,229170192,13.597,11.700,5142,0.883,3.922
201,201,201,201,201,201,229170194,13.666,12.229,5970,0.891,1.025
202,202,202,202,202,202,229170277,13.954,12.541,6171,0.940,1.225
203,203,203,203,203,203,229170329,12.004,10.614,6011,1.024,1.256
204,204,204,204,204,204,229170395,16.235,14.100,,,
205,205,205,205,205,205,229170601,13.079,10.965,4755,0.773,0.711
206,206,206,206,206,206,229170928,16.097,14.780,5404,0.805,0.908
207,207,207,207,207,207,229170952,15.268,13.345,5261,0.778,0.750
208,208,208,208,208,208,229170973,17.754,14.290,3333,0.172,0.193
209,209,209,209,209,209,229170976,12.625,10.478,4811,0.779,0.700
210,210,210,210,210,210,229171016,12.802,11.621,6448,1.134,1.382
211,211,211,211,211,211,229171202,19.292,,,,
212,212,212,212,212,212,229171248,14.221,12.331,5167,0.801,0.743
213,213,213,213,213,213,229171260,12.466,11.067,6045,0.994,1.159
214,214,214,214,214,214,229171332,13.526,11.746,5382,0.894,0.843
215,215,215,215,215,215,229171334,17.179,,,,
216,216,216,216,216,216,229171362,18.234,,,,
217,217,217,217,217,217,229171529,16.719,14.502,,,
218,218,218,218,218,218,229171586,18.897,,,,
219,219,219,219,219,219,229171649,15.143,12.918,4864,0.740,0.686
220,220,220,220,220,220,229171772,16.226,12.848,3624,0.309,0.293
221,221,221,221,221,221,229171906,15.940,12.717,3648,0.330,0.304
222,222,222,222,222,222,229171918,18.972,,,,
223,223,223,223,223,223,229171954,14.899,11.959,4027,0.531,0.467
224,224,224,224,224,224,229172008,17.233,,,,
225,225,225,225,225,225,229172079,16.467,12.875,3611,0.238,0.241
226,226,226,226,226,226,229172091,19.360,,,,
227,227,227,227,227,227,229172131,13.508,11.461,4983,0.969,3.524
228,228,228,228,228,228,229172202,15.172,13.053,3746,0.345,0.322
229,229,229,229,229,229,229172226,12.790,11.370,5813,0.945,1.272
230,230,230,230,230,230,229172236,12.359,10.907,5890,0.999,1.123
231,231,231,231,231,231,229172270,13.741,12.322,6033,0.910,1.093
232,232,232,232,232,232,229172294,17.105,14.423,,,
233,233,233,233,233,233,229172416,12.920,9.816,3747,0.295,0.281
234,234,234,234,234,234,229172440,13.762,11.667,4995,0.930,3.324
235,235,235,235,235,235,229172442,11.785,10.533,6181,0.987,1.242
236,236,236,236,236,236,229172467,15.201,13.077,4850,0.743,0.693
237,237,237,237,237,237,229172551,16.836,,,,
238,238,238,238,238,238,229172570,18.254,,,,
239,239,239,239,239,239,229172613,14.440,12.280,4669,0.673,0.628
240,240,240,240,240,240,229172727,14.006,12.302,5692,0.968,0.995
241,241,241,241,241,241,229172752,12.482,11.065,5946,0.916,1.031
242,242,242,242,242,242,229172765,14.464,12.381,4911,0.785,0.730
243,243,243,243,243,243,229172845,16.655,13.888,4181,0.582,0.521
244,244,244,244,244,244,229172857,16.033,14.387,5560,0.633,0.583
245,245,245,245,245,245,229172892,8.461,,,,
246,246,246,246,246,246,229172938,15.851,12.721,3675,0.335,0.312
247,247,247,247,247,247,229173052,10.832,8.105,4313,0.929,28.465
248,248,248,248,248,248,229173112,15.531,12.493,3679,0.338,0.315
249,249,249,249,249,249,229173295,16.176,,,,
250,250,250,250,250,250,229173310,12.650,10.593,5053,0.905,7.437
251,251,251,251,251,251,229173516,17.948,,,,
252,252,252,252,252,252,229173591,11.079,8.776,4638,0.759,0.686
253,253,253,253,253,253,229173647,14.985,12.984,5090,0.684,0.654
254,254,254,254,254,254,229173692,14.310,12.483,5126,0.885,2.584
255,255,255,255,255,255,229173698,16.526,14.295,,,
256,256,256,256,256,256,229173838,15.648,12.077,3800,0.358,0.330
257,257,257,257,257,257,229173865,14.875,12.883,4999,0.892,3.799
258,258,258,258,258,258,229173935,13.536,11.940,5738,0.973,1.025
259,259,259,259,259,259,229174034,13.728,11.003,4285,0.806,88.024
260,260,260,260,260,260,229174057,16.472,,,,
261,261,261,261,261,261,229174139,12.596,,,,
262,262,262,262,262,262,229174250,16.665,14.719,5522,0.713,0.699
263,263,263,263,263,263,229174256,14.957,12.927,5224,0.814,0.769
264,264,264,264,264,264,229174287,18.981,,,,
265,265,265,265,265,265,229174350,17.825,,,,
266,266,266,266,266,266,229174473,12.740,10.835,5111,0.795,0.746
267,267,267,267,267,267,229174483,16.102,12.711,3479,0.230,0.239
268,268,268,268,268,268,229174584,12.418,10.363,4998,1.200,2.549
269,269,269,269,269,269,229174655,12.832,11.459,6058,0.927,1.136
270,270,270,270,270,270,229174743,14.340,12.253,4871,0.787,0.718
271,271,271,271,271,271,229174815,9.549,8.034,5973,1.070,1.555
272,272,272,272,272,272,229174876,12.913,11.596,5631,0.931,0.969
273,273,273,273,273,273,229174884,16.535,14.761,,,
274,274,274,274,274,274,229174901,15.236,12.445,4243,0.586,0.532
275,275,275,275,275,275,229174998,13.959,12.490,5833,0.947,1.036
276,276,276,276,276,276,229175056,16.077,,,,
277,277,277,277,277,277,229175339,15.301,12.101,4132,0.562,0.498
278,278,278,278,278,278,229175379,13.237,11.743,5801,0.943,0.997
279,279,279,279,279,279,229175592,13.442,12.153,6203,0.957,1.255
280,280,280,280,280,280,229175617,13.318,11.361,5134,0.919,2.931
281,281,281,281,281,281,229175629,14.151,12.401,5419,0.948,0.909
282,282,282,282,282,282,229175652,12.730,10.350,4382,0.637,0.577
283,283,283,283,283,283,229175709,15.670,12.510,4004,0.519,0.456
284,284,284,284,284,284,229175729,13.407,11.256,4919,0.945,3.285
285,285,285,285,285,285,229175731,13.632,11.682,5060,0.691,0.656
286,286,286,286,286,286,229175732,18.641,,,,
287,287,287,287,287,287,229175740,15.015,14.237,,,
288,288,288,288,288,288,229175760,14.737,12.195,4451,0.674,0.613
289,289,289,289,289,289,229175762,15.780,12.828,3922,0.465,0.411
290,290,290,290,290,290,229175861,18.428,,,,
291,291,291,291,291,291,229175865,17.877,,,,
292,292,292,292,292,292,229176147,16.991,,,,
293,293,293,293,293,293,229176218,14.193,12.295,5239,0.863,2.271
294,294,294,294,294,294,229176266,13.035,10.096,4143,0.995,26.250
295,295,295,295,295,295,229176340,19.002,,,,
296,296,296,296,296,296,229176617,13.930,12.052,5093,0.896,2.931
297,297,297,297,297,297,229176683,15.233,13.491,5251,0.851,0.872
298,298,298,298,298,298,229176689,14.129,12.021,4787,0.771,0.713
299,299,299,299,299,299,229176704,16.528,,,,
300,300,300,300,300,300,229176812,16.379,14.225,,,
301,301,301,301,301,301,229176852,10.974,9.028,4957,1.168,2.652
302,302,302,302,302,302,229176879,13.880,11.237,4293,0.626,0.555
303,303,303,303,303,303,229176918,12.747,10.939,5218,0.913,2.733
304,304,304,304,304,304,229177052,15.172,14.651,6208,0.843,1.124
305,305,305,305,305,305,229177157,12.780,11.127,5457,0.960,0.924
306,306,306,306,306,306,229177211,10.943,8.907,4872,1.192,4.017
307,307,307,307,307,307,229177322,17.173,,,,
308,308,308,308,308,308,229177361,13.920,11.040,3985,0.478,0.429
309,309,309,309,309,309,229177377,13.659,11.949,5421,0.789,0.770
310,310,310,310,310,310,229177385,18.631,,,,
311,311,311,311,311,311,229177523,13.641,10.850,4047,0.497,0.436
312,312,312,312,312,312,229177528,17.268,14.448,3951,0.488,0.425
313,313,313,313,313,313,229177532,12.869,11.525,6233,1.158,1.419
314,314,314,314,314,314,229177782,12.042,10.510,5704,0.964,0.967
315,315,315,315,315,315,229178049,16.811,14.792,,,
316,316,316,316,316,316,229178087,12.870,11.513,6049,1.010,1.365
317,317,317,317,317,317,229178230,13.850,11.678,4787,0.734,0.677
318,318,318,318,318,318,229178326,19.062,,,,
319,319,319,319,319,319,229178347,13.500,11.847,5507,0.925,0.884
320,320,320,320,320,320,229178393,13.089,10.294,4472,0.958,13.945
321,321,321,321,321,321,229178492,18.549,,,,
322,322,322,322,322,322,229178599,12.159,10.352,5616,1.182,1.925
323,323,323,323,323,323,229178924,15.287,13.363,5242,0.828,0.788
324,324,324,324,324,324,229178960,13.248,11.905,6008,0.880,1.120
325,325,325,325,325,325,229179042,16.113,13.045,3827,0.382,0.345
326,326,326,326,326,326,229179227,18.663,,,,
327,327,327,327,327,327,229179349,12.377,10.916,5912,1.021,1.483
328,328,328,328,328,328,229179569,18.864,,,,
329,329,329,329,329,329,229179674,16.993,,,,
330,330,330,330,330,330,229179692,17.381,14.328,3856,0.265,0.252
331,331,331,331,331,331,229179847,18.940,,,,
332,332,332,332,332,332,229179894,11.145,9.877,6275,1.252,1.566
333,333,333,333,333,333,229179976,19.184,,,,
334,334,334,334,334,334,229180041,17.506,15.039,4484,0.621,0.586
335,335,335,335,335,335,229180093,17.147,14.531,,,
336,336,336,336,336,336,229180322,13.201,11.786,5857,1.015,1.069
337,337,337,337,337,337,229180584,15.670,12.615,3767,0.362,0.328
338,338,338,338,338,338,229181031,17.082,,,,
339,339,339,339,339,339,229181133,13.714,12.266,6014,0.961,1.084
340,340,340,340,340,340,229181181,14.084,12.243,5419,0.867,0.831
341,341,341,341,341,341,229181294,18.190,,,,
342,342,342,342,342,342,229181409,17.964,,,,
343,343,343,343,343,343,229181734,12.661,12.075,7525,1.879,2.325
344,344,344,344,344,344,229181860,14.296,12.591,5468,0.805,0.796
345,345,345,345,345,345,229181916,19.337,,,,
346,346,346,346,346,346,229181966,15.537,12.195,3555,0.241,0.241
347,347,347,347,347,347,229181989,10.508,8.907,5511,0.919,0.875
348,348,348,348,348,348,229182144,13.968,12.079,5359,0.876,0.833
349,349,349,349,349,349,229182245,10.054,8.713,5819,1.184,1.983
350,350,350,350,350,350,229182471,17.061,14.501,4367,0.545,0.485
351,351,351,351,351,351,229182769,14.592,12.441,4842,0.785,0.725
352,352,352,352,352,352,229185124,18.722,,,,
353,353,353,353,353,353,229187557,18.323,,,,
354,354,354,354,354,354,229188093,18.591,,,,
355,355,355,355,355,355,229194894,19.825,,,,
356,356,356,356,356,356,229195158,18.455,,,,
357,357,357,357,357,357,248368919,17.700,,,,
358,358,358,358,358,358,248368920,18.500,,,,
359,359,359,359,359,359,248368921,18.200,,,,
360,360,360,360,360,360,248368922,16.400,,,,
361,361,361,361,361,361,248368923,18.500,,,,
362,362,362,362,362,362,248368924,18.100,,,,
363,363,363,363,363,363,248368925,18.400,,,,
364,364,364,364,364,364,248368926,17.800,,,,
365,365,365,365,365,365,248368927,18.100,,,,
366,366,366,366,366,366,248368928,17.900,,,,
367,367,367,367,367,367,248368929,17.900,,,,
368,368,368,368,368,368,248368930,17.900,,,,
369,369,369,369,369,369,248368931,17.900,,,,
370,370,370,370,370,370,248368932,18.000,,,,
371,371,371,371,371,371,248368933,18.500,,,,
372,372,372,372,372,372,248368934,18.000,,,,
373,373,373,373,373,373,248368935,17.000,,,,
374,374,374,374,374,374,248368936,19.600,,,,
375,375,375,375,375,375,248368937,19.800,,,,
376,376,376,376,376,376,248368938,19.900,,,,
377,377,377,377,377,377,248368939,19.000,,,,
378,378,378,378,378,378,248368940,19.900,,,,
379,379,379,379,379,379,248368941,17.200,,,,
380,380,380,380,380,380,248368942,17.000,,,,
381,381,381,381,381,381,248368943,17.900,,,,
382,382,382,382,382,382,248368944,17.500,,,,
383,383,383,383,383,383,248368945,19.900,,,,
384,384,384,384,384,384,248368946,18.100,,,,
385,385,385,385,385,385,248368947,18.000,,,,
386,386,386,386,386,386,248368948,20.000,,,,
387,387,387,387,387,387,248368949,20.000,,,,
388,388,388,388,388,388,248368950,18.400,,,,
389,389,389,389,389,389,248368951,19.600,,,,
390,390,390,390,390,390,248368952,18.600,,,,
391,391,391,391,391,391,248368953,18.900,,,,
392,392,392,392,392,392,248368954,19.900,,,,
393,393,393,393,393,393,248368955,18.400,,,,
394,394,394,394,394,394,248368956,17.300,,,,
395,395,395,395,395,395,248368957,18.400,,,,
396,396,396,396,396,396,248368958,18.600,,,,
397,397,397,397,397,397,248368959,17.900,,,,
398,398,398,398,398,398,248368960,18.800,,,,
399,399,399,399,399,399,248368961,18.800,,,,
400,400,400,400,400,400,248368962,19.000,,,,
401,401,401,401,401,401,248368963,20.000,,,,
402,402,402,402,402,402,248368964,18.800,,,,
403,403,403,403,403,403,248368965,17.900,,,,
404,404,404,404,404,404,248368966,19.800,,,,
405,405,405,405,405,405,248368967,17.900,,,,
406,406,406,406,406,406,248368968,17.400,,,,
407,407,407,407,407,407,248368969,19.600,,,,
408,408,408,408,408,408,248368970,19.000,,,,
409,409,409,409,409,409,248368971,17.900,,,,
410,410,410,410,410,410,248368972,17.700,,,,
411,411,411,411,411,411,248368973,17.900,,,,
412,412,412,412,412,412,248368974,18.200,,,,
413,413,413,413,413,413,248368975,17.400,,,,
414,414,414,414,414,414,248368976,18.300,,,,
415,415,415,415,415,415,248368977,18.100,,,,
416,416,416,416,416,416,248368978,17.900,,,,
417,417,417,417,417,417,248368979,18.100,,,,
418,418,418,418,418,418,248368980,18.500,,,,
419,419,419,419,419,419,248368981,18.000,,,,
420,420,420,420,420,420,248368982,17.900,,,,
421,421,421,421,421,421,248368983,17.800,,,,
422,422,422,422,422,422,248368984,18.300,,,,
423,423,423,423,423,423,248368985,17.500,,,,
424,424,424,424,424,424,248368986,18.300,,,,
425,425,425,425,425,425,248368987,17.500,,,,
426,426,426,426,426,426,248368988,18.300,,,,
427,427,427,427,427,427,248368989,18.200,,,,
428,428,428,428,428,428,248368990,18.100,,,,
429,429,429,429,429,429,248368991,17.300,,,,
430,430,430,430,430,430,248368992,17.900,,,,
431,431,431,431,431,431,248368993,18.000,,,,
432,432,432,432,432,432,248368994,17.600,,,,
433,433,433,433,433,433,248368995,18.400,,,,
434,434,434,434,434,434,248368996,18.100,,,,
435,435,435,435,435,435,248368997,17.900,,,,
436,436,436,436,436,436,248368998,17.900,,,,
437,437,437,437,437,437,248368999,18.300,,,,
438,438,438,438,438,438,248369000,17.800,,,,
439,439,439,439,439,439,248369001,17.900,,,,
440,440,440,440,440,440,248369002,18.000,,,,
441,441,441,441,441,441,248369003,18.100,,,,
442,442,442,442,442,442,248369004,17.800,,,,
443,443,443,443,443,443,248369005,18.300,,,,
444,444,444,444,444,444,248369006,18.300,,,,
445,445,445,445,445,445,248369007,17.800,,,,
446,446,446,446,446,446,248369008,17.500,,,,
447,447,447,447,447,447,248369009,18.200,,,,
448,448,448,448,448,448,248369010,17.800,,,,
449,449,449,449,449,449,248369011,17.500,,,,
450,450,450,450,450,450,248369012,18.100,,,,
451,451,451,451,451,451,248369013,18.000,,,,
452,452,452,452,452,452,248369014,17.400,,,,
453,453,453,453,453,453,248369015,17.600,,,,
454,454,454,454,454,454,248369016,18.200,,,,
455,455,455,455,455,455,248369017,17.900,,,,
456,456,456,456,456,456,248369018,17.800,,,,
457,457,457,457,457,457,248369019,18.100,,,,
458,458,458,458,458,458,248369020,17.700,,,,
459,459,459,459,459,459,248369021,17.700,,,,
460,460,460,460,460,460,248369022,18.300,,,,
461,461,461,461,461,461,248369023,17.300,,,,
462,462,462,462,462,462,248369024,17.500,,,,
463,463,463,463,463,463,248369025,17.600,,,,
464,464,464,464,464,464,248369026,18.400,,,,
465,465,465,465,465,465,248369027,18.000,,,,
466,466,466,466,466,466,248369028,17.800,,,,
467,467,467,467,467,467,248369029,18.000,,,,
468,468,468,468,468,468,248369030,17.900,,,,
469,469,469,469,469,469,248369031,18.100,,,,
470,470,470,470,470,470,248369032,18.200,,,,
471,471,471,471,471,471,248369033,17.800,,,,
472,472,472,472,472,472,248369034,18.400,,,,
473,473,473,473,473,473,248369035,17.900,,,,
474,474,474,474,474,474,248369036,18.000,,,,
475,475,475,475,475,475,248369037,17.900,,,,
476,476,476,476,476,476,248369038,18.000,,,,
477,477,477,477,477,477,248369039,18.300,,,,
478,478,478,478,478,478,248369040,17.500,,,,
479,479,479,479,479,479,248369041,17.900,,,,
480,480,480,480,480,480,248369042,18.100,,,,
481,481,481,481,481,481,248369043,18.100,,,,
482,482,482,482,482,482,248369044,17.600,,,,
483,483,483,483,483,483,248369045,17.600,,,,
484,484,484,484,484,484,248369046,17.300,,,,
485,485,485,485,485,485,248369047,17.400,,,,
486,486,486,486,486,486,248369048,18.200,,,,
487,487,487,487,487,487,248369049,18.300,,,,
488,488,488,488,488,488,248369050,17.900,,,,
489,489,489,489,489,489,248369051,17.100,,,,
490,490,490,490,490,490,248369052,17.900,,,,
491,491,491,491,491,491,248369053,17.400,,,,
492,492,492,492,492,492,248369054,17.900,,,,
493,493,493,493,493,493,248369055,17.800,,,,
494,494,494,494,494,494,248369056,17.900,,,,
495,495,495,495,495,495,248369057,18.100,,,,
496,496,496,496,496,496,248369058,17.900,,,,
497,497,497,497,497,497,248369059,17.400,,,,
498,498,498,498,498,498,248369060,18.100,,,,
499,499,499,499,499,499,248369061,17.200,,,,
500,500,500,500,500,500,248369062,18.100,,,,
501,501,501,501,501,501,248369063,17.600,,,,
502,502,502,502,502,502,248369064,17.600,,,,
503,503,503,503,503,503,248369065,18.300,,,,
504,504,504,504,504,504,248369066,18.000,,,,
505,505,505,505,505,505,248369067,18.300,,,,
506,506,506,506,506,506,248369068,18.000,,,,
507,507,507,507,507,507,248369069,18.400,,,,
508,508,508,508,508,508,248369070,17.500,,,,
509,509,509,509,509,509,248369071,18.700,,,,
510,510,510,510,510,510,248369072,17.600,,,,
511,511,511,511,511,511,248369073,17.000,,,,
512,512,512,512,512,512,248369074,17.800,,,,
513,513,513,513,513,513,248369075,18.400,,,,
514,514,514,514,514,514,248369076,18.300,,,,
515,515,515,515,515,515,248369077,17.900,,,,
516,516,516,516,516,516,248369078,17.600,,,,
517,517,517,517,517,517,248369079,18.200,,,,
518,518,518,518,518,518,248369080,18.000,,,,
519,519,519,519,519,519,248369081,17.500,,,,
520,520,520,520,520,520,248369082,17.600,,,,
521,521,521,521,521,521,248369083,18.200,,,,
522,522,522,522,522,522,248369084,18.300,,,,
523,523,523,523,523,523,248369085,18.100,,,,
524,524,524,524,524,524,248369086,17.900,,,,
525,525,525,525,525,525,248369087,18.000,,,,
526,526,526,526,526,526,248369088,18.400,,,,
527,527,527,527,527,527,248369089,17.700,,,,
528,528,528,528,528,528,248369090,17.600,,,,
529,529,529,529,529,529,248369091,17.900,,,,
530,530,530,530,530,530,248369092,17.600,,,,
531,531,531,531,531,531,248369093,17.500,,,,
532,532,532,532,532,532,248369094,18.300,,,,
533,533,533,533,533,533,248369095,17.900,,,,
534,534,534,534,534,534,248369096,17.700,,,,
535,535,535,535,535,535,248369097,17.500,,,,
536,536,536,536,536,536,248369098,17.700,,,,
537,537,537,537,537,537,248369099,16.900,,,,
538,538,538,538,538,538,248369100,17.800,,,,
539,539,539,539,539,539,248369101,18.100,,,,
540,540,540,540,540,540,248369102,17.200,,,,
541,541,541,541,541,541,248369103,18.400,,,,
542,542,542,542,542,542,248369104,18.300,,,,
543,543,543,543,543,543,248369105,18.000,,,,
544,544,544,544,544,544,248369106,18.400,,,,
545,545,545,545,545,545,248369107,18.300,,,,
546,546,546,546,546,546,248369108,17.500,,,,
547,547,547,547,547,547,248369109,18.000,,,,
548,548,548,548,548,548,248369110,17.500,,,,
549,549,549,549,549,549,248369111,18.000,,,,
550,550,550,550,550,550,248369112,18.100,,,,
551,551,551,551,551,551,248369113,17.700,,,,
552,552,552,552,552,552,248369114,17.600,,,,
553,553,553,553,553,553,248369115,17.900,,,,
554,554,554,554,554,554,248369116,18.000,,,,
555,555,555,555,555,555,248369117,18.200,,,,
556,556,556,556,556,556,248369118,18.200,,,,
557,557,557,557,557,557,248369119,18.700,,,,
558,558,558,558,558,558,248369120,18.800,,,,
559,559,559,559,559,559,248369121,19.600,,,,
560,560,560,560,560,560,248369122,17.800,,,,
561,561,561,561,561,561,248369123,19.700,,,,
562,562,562,562,562,562,248369124,16.400,,,,
563,563,563,563,563,563,248369125,18.000,,,,
564,564,564,564,564,564,248369126,18.300,,,,
565,565,565,565,565,565,248369127,18.800,,,,
566,566,566,566,566,566,248369128,18.800,,,,
567,567,567,567,567,567,248369129,18.900,,,,
568,568,568,568,568,568,248369130,19.054,,,,
569,569,569,569,569,569,248369131,17.710,,,,
570,570,570,570,570,570,248369132,16.600,,,,
571,571,571,571,571,571,248369133,16.800,,,,
572,572,572,572,572,572,248369134,17.200,,,,
573,573,573,573,573,573,248369135,16.700,,,,
574,574,574,574,574,574,248369136,16.600,,,,
575,575,575,575,575,575,248369137,16.600,,,,
576,576,576,576,576,576,248369138,16.700,,,,
577,577,577,577,577,577,248369139,16.800,,,,
578,578,578,578,578,578,248369140,17.000,,,,
579,579,579,579,579,579,248369141,17.200,,,,
580,580,580,580,580,580,248369142,17.200,,,,
581,581,581,581,581,581,248369143,17.200,,,,
582,582,582,582,582,582,248369144,17.300,,,,
583,583,583,583,583,583,248369145,17.400,,,,
584,584,584,584,584,584,248369146,17.400,,,,
585,585,585,585,585,585,248369147,17.500,,,,
586,586,586,586,586,586,248369148,17.600,,,,
587,587,587,587,587,587,248369149,17.600,,,,
588,588,588,588,588,588,248369150,17.600,,,,
589,589,589,589,589,589,248369151,17.800,,,,
590,590,590,590,590,590,248369152,17.900,,,,
591,591,591,591,591,591,248369153,17.900,,,,
592,592,592,592,592,592,248369154,18.300,,,,
593,593,593,593,593,593,248369155,18.300,,,,
594,594,594,594,594,594,248369156,18.400,,,,
595,595,595,595,595,595,248369157,18.400,,,,
596,596,596,596,596,596,248369158,18.500,,,,
597,597,597,597,597,597,248369159,18.700,,,,
598,598,598,598,598,598,248369160,18.900,,,,
599,599,599,599,599,599,248369161,19.000,,,,
600,600,600,600,600,600,248369162,19.200,,,,
601,601,601,601,601,601,248369163,19.900,,,,
602,602,602,602,602,602,248369164,19.900,,,,
603,603,603,603,603,603,248369165,20.800,,,,
604,604,604,604,604,604,248369166,16.400,,,,
605,605,605,605,605,605,248369167,17.000,,,,
606,606,606,606,606,606,248369168,18.100,,,,
607,607,607,607,607,607,248369169,18.200,,,,
608,608,608,608,608,608,248369170,18.500,,,,
609,609,609,609,609,609,248369171,18.700,,,,
610,610,610,610,610,610,248369172,18.900,,,,
611,611,611,611,611,611,248369173,17.600,,,,
612,612,612,612,612,612,248369174,17.600,,,,
613,613,613,613,613,613,248369175,18.200,,,,
614,614,614,614,614,614,248369176,19.900,,,,
615,615,615,615,615,615,248369177,17.300,,,,
616,616,616,616,616,616,248369178,17.300,,,,
617,617,617,617,617,617,248369179,17.600,,,,
618,618,618,618,618,618,248369180,17.600,,,,
619,619,619,619,619,619,248369181,18.400,,,,
620,620,620,620,620,620,248369182,18.800,,,,
621,621,621,621,621,621,248369183,19.500,,,,
622,622,622,622,622,622,248369184,20.370,,,,
623,623,623,623,623,623,248369185,20.250,,,,
624,624,624,624,624,624,248369186,20.350,,,,
625,625,625,625,625,625,248369187,20.390,,,,
626,626,626,626,626,626,248369188,20.250,,,,
627,627,627,627,627,627,248369189,20.030,,,,
628,628,628,628,628,628,248369190,20.280,,,,
629,629,629,629,629,629,248369191,20.550,,,,
630,630,630,630,630,630,248369192,22.200,,,,
631,631,631,631,631,631,248369193,22.400,,,,
632,632,632,632,632,632,248369194,22.800,,,,
633,633,633,633,633,633,248369195,22.600,,,,
634,634,634,634,634,634,248369196,22.200,,,,
635,635,635,635,635,635,248369197,22.400,,,,
636,636,636,636,636,636,248369198,22.900,,,,
637,637,637,637,637,637,248369199,23.600,,,,
638,638,638,638,638,638,248369200,22.400,,,,
639,639,639,639,639,639,248369201,23.200,,,,
640,640,640,640,640,640,248369202,23.200,,,,
641,641,641,641,641,641,248369203,22.000,,,,
642,642,642,642,642,642,248369204,22.700,,,,
643,643,643,643,643,643,248369205,22.600,,,,
644,644,644,644,644,644,248369206,23.000,,,,
645,645,645,645,645,645,248369207,22.900,,,,
646,646,646,646,646,646,248369208,22.300,,,,
647,647,647,647,647,647,248369209,23.400,,,,
648,648,648,648,648,648,248369210,22.800,,,,
649,649,649,649,649,649,248369211,16.100,,,,
650,650,650,650,650,650,248369213,15.032,,,,
651,651,651,651,651,651,248369214,15.039,,,,
652,652,652,652,652,652,248369215,15.092,,,,
653,653,653,653,653,653,248369216,15.109,,,,
654,654,654,654,654,654,248369217,15.339,,,,
655,655,655,655,655,655,248369218,15.350,,,,
656,656,656,656,656,656,248369219,15.378,,,,
657,657,657,657,657,657,248369220,15.492,,,,
658,658,658,658,658,658,248369221,15.504,,,,
659,659,659,659,659,659,248369222,15.512,,,,
660,660,660,660,660,660,248369223,15.579,,,,
661,661,661,661,661,661,248369224,15.605,,,,
662,662,662,662,662,662,248369225,15.606,,,,
663,663,663,663,663,663,248369226,15.665,,,,
664,664,664,664,664,664,248369227,15.678,,,,
665,665,665,665,665,665,248369228,15.730,,,,
666,666,666,666,666,666,248369229,15.748,,,,
667,667,667,667,667,667,248369230,15.777,,,,
668,668,668,668,668,668,248369231,15.777,,,,
669,669,669,669,669,669,248369232,15.803,,,,
670,670,670,670,670,670,248369233,15.813,,,,
671,671,671,671,671,671,248369234,15.818,,,,
672,672,672,672,672,672,248369235,15.835,,,,
673,673,673,673,673,673,248369236,15.854,,,,
674,674,674,674,674,674,248369237,15.857,,,,
675,675,675,675,675,675,248369238,15.861,,,,
676,676,676,676,676,676,248369239,15.943,,,,
677,677,677,677,677,677,248369241,15.966,,,,
678,678,678,678,678,678,248369242,15.971,,,,
679,679,679,679,679,679,248369243,15.972,,,,
680,680,680,680,680,680,248369244,15.991,,,,
681,681,681,681,681,681,248369245,15.992,,,,
682,682,682,682,682,682,248369246,16.030,,,,
683,683,683,683,683,683,248369247,16.039,,,,
684,684,684,684,684,684,248369248,16.097,,,,
685,685,685,685,685,685,248369249,16.128,,,,
686,686,686,686,686,686,248369250,16.134,,,,
687,687,687,687,687,687,248369251,16.138,,,,
688,688,688,688,688,688,248369252,16.146,,,,
689,689,689,689,689,689,248369253,16.156,,,,
690,690,690,690,690,690,248369254,16.170,,,,
691,691,691,691,691,691,248369255,16.171,,,,
692,692,692,692,692,692,248369256,16.181,,,,
693,693,693,693,693,693,248369257,16.181,,,,
694,694,694,694,694,694,248369258,16.192,,,,
695,695,695,695,695,695,248369259,16.195,,,,
696,696,696,696,696,696,248369260,16.226,,,,
697,697,697,697,697,697,248369261,16.235,,,,
698,698,698,698,698,698,248369262,16.248,,,,
699,699,699,699,699,699,248369263,16.279,,,,
700,700,700,700,700,700,248369264,16.307,,,,
701,701,701,701,701,701,248369265,16.340,,,,
702,702,702,702,702,702,248369266,16.342,,,,
703,703,703,703,703,703,248369267,16.347,,,,
704,704,704,704,704,704,248369268,16.367,,,,
705,705,705,705,705,705,248369269,16.371,,,,
706,706,706,706,706,706,248369270,16.375,,,,
707,707,707,707,707,707,248369271,16.375,,,,
708,708,708,708,708,708,248369272,16.377,,,,
709,709,709,709,709,709,248369273,16.394,,,,
710,710,710,710,710,710,248369274,16.403,,,,
711,711,711,711,711,711,248369275,16.403,,,,
712,712,712,712,712,712,248369276,16.415,,,,
713,713,713,713,713,713,248369277,16.418,,,,
714,714,714,714,714,714,248369278,16.435,,,,
715,715,715,715,715,715,248369279,16.435,,,,
716,716,716,716,716,716,248369280,16.444,,,,
717,717,717,717,717,717,248369281,16.463,,,,
718,718,718,718,718,718,248369282,16.480,,,,
719,719,719,719,719,719,248369283,16.488,,,,
720,720,720,720,720,720,248369284,16.489,,,,
721,721,721,721,721,721,248369285,16.499,,,,
722,722,722,722,722,722,248369286,16.505,,,,
723,723,723,723,723,723,248369287,16.515,,,,
724,724,724,724,724,724,248369288,16.517,,,,
725,725,725,725,725,725,248369289,16.521,,,,
726,726,726,726,726,726,248369290,16.522,,,,
727,727,727,727,727,727,248369291,16.528,,,,
728,728,728,728,728,728,248369292,16.538,,,,
729,729,729,729,729,729,248369293,16.541,,,,
730,730,730,730,730,730,248369294,16.550,,,,
731,731,731,731,731,731,248369295,16.559,,,,
732,732,732,732,732,732,248369296,16.562,,,,
733,733,733,733,733,733,248369297,16.562,,,,
734,734,734,734,734,734,248369298,16.570,,,,
735,735,735,735,735,735,248369299,16.571,,,,
736,736,736,736,736,736,248369300,16.578,,,,
737,737,737,737,737,737,248369301,16.581,,,,
738,738,738,738,738,738,248369302,16.583,,,,
739,739,739,739,739,739,248369303,16.590,,,,
740,740,740,740,740,740,248369304,16.595,,,,
741,741,741,741,741,741,248369305,16.599,,,,
742,742,742,742,742,742,248369306,16.601,,,,
743,743,743,743,743,743,248369307,16.603,,,,
744,744,744,744,744,744,248369308,16.603,,,,
745,745,745,745,745,745,248369309,16.610,,,,
746,746,746,746,746,746,248369310,16.613,,,,
747,747,747,747,747,747,248369311,16.614,,,,
748,748,748,748,748,748,248369312,16.614,,,,
749,749,749,749,749,749,248369313,16.617,,,,
750,750,750,750,750,750,248369314,16.619,,,,
751,751,751,751,751,751,248369315,16.621,,,,
752,752,752,752,752,752,248369316,16.625,,,,
753,753,753,753,753,753,248369317,16.626,,,,
754,754,754,754,754,754,248369318,16.627,,,,
755,755,755,755,755,755,248369319,16.634,,,,
756,756,756,756,756,756,248369320,16.635,,,,
757,757,757,757,757,757,248369321,16.637,,,,
758,758,758,758,758,758,248369322,16.639,,,,
759,759,759,759,759,759,248369323,16.642,,,,
760,760,760,760,760,760,248369324,16.651,,,,
761,761,761,761,761,761,248369325,16.653,,,,
762,762,762,762,762,762,248369326,16.657,,,,
763,763,763,763,763,763,248369327,16.659,,,,
764,764,764,764,764,764,248369328,16.663,,,,
765,765,765,765,765,765,248369329,16.665,,,,
766,766,766,766,766,766,248369330,16.670,,,,
767,767,767,767,767,767,248369331,16.670,,,,
768,768,768,768,768,768,248369332,16.672,,,,
769,769,769,769,769,769,248369333,16.674,,,,
770,770,770,770,770,770,248369334,16.675,,,,
771,771,771,771,771,771,248369335,16.677,,,,
772,772,772,772,772,772,248369336,16.678,,,,
773,773,773,773,773,773,248369337,16.686,,,,
774,774,774,774,774,774,248369338,16.689,,,,
775,775,775,775,775,775,248369339,16.689,,,,
776,776,776,776,776,776,248369340,16.693,,,,
777,777,777,777,777,777,248369341,16.694,,,,
778,778,778,778,778,778,248369342,16.696,,,,
779,779,779,779,779,779,248369343,16.697,,,,
780,780,780,780,780,780,248369344,16.704,,,,
781,781,781,781,781,781,248369345,16.705,,,,
782,782,782,782,782,782,248369346,16.712,,,,
783,783,783,783,783,783,248369347,16.713,,,,
784,784,784,784,784,784,248369349,16.724,,,,
785,785,785,785,785,785,248369350,16.729,,,,
786,786,786,786,786,786,248369351,16.729,,,,
787,787,787,787,787,787,248369352,16.729,,,,
788,788,788,788,788,788,248369353,16.731,,,,
789,789,789,789,789,789,248369354,16.732,,,,
790,790,790,790,790,790,248369355,16.734,,,,
791,791,791,791,791,791,248369356,16.735,,,,
792,792,792,792,792,792,248369357,16.738,,,,
793,793,793,793,793,793,248369358,16.739,,,,
794,794,794,794,794,794,248369359,16.740,,,,
795,795,795,795,795,795,248369360,16.748,,,,
796,796,796,796,796,796,248369361,16.750,,,,
797,797,797,797,797,797,248369362,16.757,,,,
798,798,798,798,798,798,248369364,16.764,,,,
799,799,799,799,799,799,248369365,16.766,,,,
800,800,800,800,800,800,248369366,16.766,,,,
801,801,801,801,801,801,248369367,16.769,,,,
802,802,802,802,802,802,248369368,16.771,,,,
803,803,803,803,803,803,248369369,16.773,,,,
804,804,804,804,804,804,248369370,16.779,,,,
805,805,805,805,805,805,248369371,16.789,,,,
806,806,806,806,806,806,248369372,16.800,,,,
807,807,807,807,807,807,248369373,16.800,,,,
808,808,808,808,808,808,248369374,16.807,,,,
809,809,809,809,809,809,248369375,16.808,,,,
810,810,810,810,810,810,248369376,16.808,,,,
811,811,811,811,811,811,248369377,16.810,,,,
812,812,812,812,812,812,248369378,16.811,,,,
813,813,813,813,813,813,248369379,16.814,,,,
814,814,814,814,814,814,248369380,16.818,,,,
815,815,815,815,815,815,248369381,16.818,,,,
816,816,816,816,816,816,248369382,16.824,,,,
817,817,817,817,817,817,248369383,16.825,,,,
818,818,818,818,818,818,248369384,16.829,,,,
819,819,819,819,819,819,248369385,16.844,,,,
820,820,820,820,820,820,248369387,16.847,,,,
821,821,821,821,821,821,248369388,16.849,,,,
822,822,822,822,822,822,248369389,16.854,,,,
823,823,823,823,823,823,248369390,16.855,,,,
824,824,824,824,824,824,248369391,16.860,,,,
825,825,825,825,825,825,248369392,16.861,,,,
826,826,826,826,826,826,248369393,16.864,,,,
827,827,827,827,827,827,248369394,16.866,,,,
828,828,828,828,828,828,248369395,16.866,,,,
829,829,829,829,829,829,248369396,16.875,,,,
830,830,830,830,830,830,248369397,16.876,,,,
831,831,831,831,831,831,248369398,16.877,,,,
832,832,832,832,832,832,248369399,16.877,,,,
833,833,833,833,833,833,248369400,16.878,,,,
834,834,834,834,834,834,248369401,16.878,,,,
835,835,835,835,835,835,248369402,16.880,,,,
836,836,836,836,836,836,248369403,16.882,,,,
837,837,837,837,837,837,248369404,16.883,,,,
838,838,838,838,838,838,248369405,16.883,,,,
839,839,839,839,839,839,248369406,16.886,,,,
840,840,840,840,840,840,248369407,16.888,,,,
841,841,841,841,841,841,248369408,16.895,,,,
842,842,842,842,842,842,248369409,16.900,,,,
843,843,843,843,843,843,248369410,16.900,,,,
844,844,844,844,844,844,248369411,16.904,,,,
845,845,845,845,845,845,248369412,16.910,,,,
846,846,846,846,846,846,248369413,16.914,,,,
847,847,847,847,847,847,248369414,16.916,,,,
848,848,848,848,848,848,248369415,16.919,,,,
849,849,849,849,849,849,248369416,16.920,,,,
850,850,850,850,850,850,248369417,16.921,,,,
851,851,851,851,851,851,248369418,16.922,,,,
852,852,852,852,852,852,248369419,16.922,,,,
853,853,853,853,853,853,248369420,16.924,,,,
854,854,854,854,854,854,248369421,16.924,,,,
855,855,855,855,855,855,248369422,16.924,,,,
856,856,856,856,856,856,248369423,16.924,,,,
857,857,857,857,857,857,248369424,16.925,,,,
858,858,858,858,858,858,248369425,16.931,,,,
859,859,859,859,859,859,248369426,16.933,,,,
860,860,860,860,860,860,248369427,16.936,,,,
861,861,861,861,861,861,248369428,16.937,,,,
862,862,862,862,862,862,248369429,16.942,,,,
863,863,863,863,863,863,248369431,16.945,,,,
864,864,864,864,864,864,248369432,16.945,,,,
865,865,865,865,865,865,248369433,16.953,,,,
866,866,866,866,866,866,248369434,16.954,,,,
867,867,867,867,867,867,248369435,16.954,,,,
868,868,868,868,868,868,248369436,16.957,,,,
869,869,869,869,869,869,248369437,16.958,,,,
870,870,870,870,870,870,248369438,16.960,,,,
871,871,871,871,871,871,248369439,16.961,,,,
872,872,872,872,872,872,248369440,16.963,,,,
873,873,873,873,873,873,248369441,16.964,,,,
874,874,874,874,874,874,248369442,16.965,,,,
875,875,875,875,875,875,248369443,16.968,,,,
876,876,876,876,876,876,248369444,16.970,,,,
877,877,877,877,877,877,248369445,16.970,,,,
878,878,878,878,878,878,248369446,16.972,,,,
879,879,879,879,879,879,248369447,16.972,,,,
880,880,880,880,880,880,248369448,16.972,,,,
881,881,881,881,881,881,248369449,16.974,,,,
882,882,882,882,882,882,248369450,16.979,,,,
883,883,883,883,883,883,248369451,16.979,,,,
884,884,884,884,884,884,248369452,16.979,,,,
885,885,885,885,885,885,248369453,16.987,,,,
886,886,886,886,886,886,248369454,16.989,,,,
887,887,887,887,887,887,248369455,16.989,,,,
888,888,888,888,888,888,248369456,16.990,,,,
889,889,889,889,889,889,248369457,16.990,,,,
890,890,890,890,890,890,248369458,16.990,,,,
891,891,891,891,891,891,248369459,16.991,,,,
892,892,892,892,892,892,248369460,16.992,,,,
893,893,893,893,893,893,248369461,16.994,,,,
894,894,894,894,894,894,248369462,16.994,,,,
895,895,895,895,895,895,248369463,16.997,,,,
896,896,896,896,896,896,248369465,16.999,,,,
897,897,897,897,897,897,248369466,17.001,,,,
898,898,898,898,898,898,248369467,17.001,,,,
899,899,899,899,899,899,248369468,17.001,,,,
900,900,900,900,900,900,248369470,17.006,,,,
901,901,901,901,901,901,248369471,17.006,,,,
902,902,902,902,902,902,248369472,17.007,,,,
903,903,903,903,903,903,248369473,17.008,,,,
904,904,904,904,904,904,248369474,17.016,,,,
905,905,905,905,905,905,248369475,17.021,,,,
906,906,906,906,906,906,248369477,17.028,,,,
907,907,907,907,907,907,248369478,17.038,,,,
908,908,908,908,908,908,248369479,17.040,,,,
909,909,909,909,909,909,248369480,17.041,,,,
910,910,910,910,910,910,248369481,17.043,,,,
911,911,911,911,911,911,248369482,17.044,,,,
912,912,912,912,912,912,248369483,17.044,,,,
913,913,913,913,913,913,248369484,17.048,,,,
914,914,914,914,914,914,248369485,17.049,,,,
915,915,915,915,915,915,248369486,17.051,,,,
916,916,916,916,916,916,248369488,17.053,,,,
917,917,917,917,917,917,248369489,17.054,,,,
918,918,918,918,918,918,248369490,17.055,,,,
919,919,919,919,919,919,248369491,17.057,,,,
920,920,920,920,920,920,248369492,17.058,,,,
921,921,921,921,921,921,248369493,17.064,,,,
922,922,922,922,922,922,248369494,17.065,,,,
923,923,923,923,923,923,248369495,17.067,,,,
924,924,924,924,924,924,248369496,17.068,,,,
925,925,925,925,925,925,248369497,17.068,,,,
926,926,926,926,926,926,248369498,17.071,,,,
927,927,927,927,927,927,248369499,17.074,,,,
928,928,928,928,928,928,248369500,17.076,,,,
929,929,929,929,929,929,248369501,17.078,,,,
930,930,930,930,930,930,248369502,17.078,,,,
931,931,931,931,931,931,248369503,17.079,,,,
932,932,932,932,932,932,248369504,17.081,,,,
933,933,933,933,933,933,248369505,17.084,,,,
934,934,934,934,934,934,248369506,17.085,,,,
935,935,935,935,935,935,248369507,17.085,,,,
936,936,936,936,936,936,248369509,17.085,,,,
937,937,937,937,937,937,248369510,17.087,,,,
938,938,938,938,938,938,248369511,17.089,,,,
939,939,939,939,939,939,248369512,17.090,,,,
940,940,940,940,940,940,248369513,17.090,,,,
941,941,941,941,941,941,248369514,17.091,,,,
942,942,942,942,942,942,248369515,17.092,,,,
943,943,943,943,943,943,248369516,17.092,,,,
944,944,944,944,944,944,248369517,17.092,,,,
945,945,945,945,945,945,248369518,17.093,,,,
946,946,946,946,946,946,248369519,17.096,,,,
947,947,947,947,947,947,248369520,17.098,,,,
948,948,948,948,948,948,248369521,17.098,,,,
949,949,949,949,949,949,248369522,17.098,,,,
950,950,950,950,950,950,248369523,17.099,,,,
951,951,951,951,951,951,248369524,17.099,,,,
952,952,952,952,952,952,248369525,17.100,,,,
953,953,953,953,953,953,248369526,17.102,,,,
954,954,954,954,954,954,248369527,17.104,,,,
955,955,955,955,955,955,248369528,17.104,,,,
956,956,956,956,956,956,248369529,17.104,,,,
957,957,957,957,957,957,248369530,17.105,,,,
958,958,958,958,958,958,248369531,17.105,,,,
959,959,959,959,959,959,248369532,17.108,,,,
960,960,960,960,960,960,248369533,17.110,,,,
961,961,961,961,961,961,248369534,17.114,,,,
962,962,962,962,962,962,248369535,17.115,,,,
963,963,963,963,963,963,248369536,17.117,,,,
964,964,964,964,964,964,248369537,17.118,,,,
965,965,965,965,965,965,248369538,17.122,,,,
966,966,966,966,966,966,248369539,17.123,,,,
967,967,967,967,967,967,248369540,17.123,,,,
968,968,968,968,968,968,248369541,17.125,,,,
969,969,969,969,969,969,248369542,17.127,,,,
970,970,970,970,970,970,248369543,17.128,,,,
971,971,971,971,971,971,248369544,17.128,,,,
972,972,972,972,972,972,248369545,17.130,,,,
973,973,973,973,973,973,248369546,17.132,,,,
974,974,974,974,974,974,248369547,17.133,,,,
975,975,975,975,975,975,248369548,17.135,,,,
976,976,976,976,976,976,248369549,17.136,,,,
977,977,977,977,977,977,248369550,17.137,,,,
978,978,978,978,978,978,248369551,17.138,,,,
979,979,979,979,979,979,248369552,17.139,,,,
980,980,980,980,980,980,248369553,17.141,,,,
981,981,981,981,981,981,248369554,17.142,,,,
982,982,982,982,982,982,248369555,17.142,,,,
983,983,983,983,983,983,248369556,17.145,,,,
984,984,984,984,984,984,248369557,17.146,,,,
985,985,985,985,985,985,248369558,17.147,,,,
986,986,986,986,986,986,248369559,17.148,,,,
987,987,987,987,987,987,248369560,17.148,,,,
988,988,988,988,988,988,248369561,17.152,,,,
989,989,989,989,989,989,248369562,17.152,,,,
990,990,990,990,990,990,248369563,17.153,,,,
991,991,991,991,991,991,248369564,17.154,,,,
992,992,992,992,992,992,248369565,17.154,,,,
993,993,993,993,993,993,248369566,17.154,,,,
994,994,994,994,994,994,248369567,17.155,,,,
995,995,995,995,995,995,248369568,17.155,,,,
996,996,996,996,996,996,248369569,17.157,,,,
997,997,997,997,997,997,248369570,17.158,,,,
998,998,998,998,998,998,248369571,17.160,,,,
999,999,999,999,999,999,248369572,17.160,,,,
1000,1000,1000,1000,1000,1000,248369573,17.163,,,,
1001,1001,1001,1001,1001,1001,248369574,17.166,,,,
1002,1002,1002,1002,1002,1002,248369575,17.166,,,,
1003,1003,1003,1003,1003,1003,248369576,17.168,,,,
1004,1004,1004,1004,1004,1004,248369577,17.170,,,,
1005,1005,1005,1005,1005,1005,248369578,17.170,,,,
1006,1006,1006,1006,1006,1006,248369579,17.170,,,,
1007,1007,1007,1007,1007,1007,248369580,17.174,,,,
1008,1008,1008,1008,1008,1008,248369581,17.174,,,,
1009,1009,1009,1009,1009,1009,248369582,17.175,,,,
1010,1010,1010,1010,1010,1010,248369583,17.176,,,,
1011,1011,1011,1011,1011,1011,248369584,17.177,,,,
1012,1012,1012,1012,1012,1012,248369585,17.177,,,,
1013,1013,1013,1013,1013,1013,248369586,17.179,,,,
1014,1014,1014,1014,1014,1014,248369587,17.179,,,,
1015,1015,1015,1015,1015,1015,248369588,17.180,,,,
1016,1016,1016,1016,1016,1016,248369589,17.183,,,,
1017,1017,1017,1017,1017,1017,248369591,17.184,,,,
1018,1018,1018,1018,1018,1018,248369592,17.185,,,,
1019,1019,1019,1019,1019,1019,248369593,17.189,,,,
1020,1020,1020,1020,1020,1020,248369595,17.194,,,,
1021,1021,1021,1021,1021,1021,248369596,17.196,,,,
1022,1022,1022,1022,1022,1022,248369597,17.198,,,,
1023,1023,1023,1023,1023,1023,248369598,17.201,,,,
1024,1024,1024,1024,1024,1024,248369599,17.201,,,,
1025,1025,1025,1025,1025,1025,248369600,17.202,,,,
1026,1026,1026,1026,1026,1026,248369601,17.204,,,,
1027,1027,1027,1027,1027,1027,248369602,17.205,,,,
1028,1028,1028,1028,1028,1028,248369603,17.205,,,,
1029,1029,1029,1029,1029,1029,248369604,17.207,,,,
1030,1030,1030,1030,1030,1030,248369605,17.208,,,,
1031,1031,1031,1031,1031,1031,248369606,17.209,,,,
1032,1032,1032,1032,1032,1032,248369607,17.210,,,,
1033,1033,1033,1033,1033,1033,248369608,17.211,,,,
1034,1034,1034,1034,1034,1034,248369609,17.211,,,,
1035,1035,1035,1035,1035,1035,248369610,17.213,,,,
1036,1036,1036,1036,1036,1036,248369611,17.215,,,,
1037,1037,1037,1037,1037,1037,248369612,17.215,,,,
1038,1038,1038,1038,1038,1038,248369613,17.216,,,,
1039,1039,1039,1039,1039,1039,248369614,17.217,,,,
1040,1040,1040,1040,1040,1040,248369615,17.219,,,,
1041,1041,1041,1041,1041,1041,248369616,17.220,,,,
1042,1042,1042,1042,1042,1042,248369617,17.222,,,,
1043,1043,1043,1043,1043,1043,248369618,17.224,,,,
1044,1044,1044,1044,1044,1044,248369619,17.224,,,,
1045,1045,1045,1045,1045,1045,248369620,17.225,,,,
1046,1046,1046,1046,1046,1046,248369621,17.225,,,,
1047,1047,1047,1047,1047,1047,248369622,17.228,,,,
1048,1048,1048,1048,1048,1048,248369623,17.229,,,,
1049,1049,1049,1049,1049,1049,248369624,17.229,,,,
1050,1050,1050,1050,1050,1050,248369625,17.231,,,,
1051,1051,1051,1051,1051,1051,248369626,17.238,,,,
1052,1052,1052,1052,1052,1052,248369627,17.239,,,,
1053,1053,1053,1053,1053,1053,248369628,17.245,,,,
1054,1054,1054,1054,1054,1054,248369629,17.245,,,,
1055,1055,1055,1055,1055,1055,248369630,17.246,,,,
1056,1056,1056,1056,1056,1056,248369631,17.248,,,,
1057,1057,1057,1057,1057,1057,248369632,17.250,,,,
1058,1058,1058,1058,1058,1058,248369633,17.252,,,,
1059,1059,1059,1059,1059,1059,248369634,17.252,,,,
1060,1060,1060,1060,1060,1060,248369636,17.256,,,,
1061,1061,1061,1061,1061,1061,248369637,17.256,,,,
1062,1062,1062,1062,1062,1062,248369638,17.261,,,,
1063,1063,1063,1063,1063,1063,248369639,17.261,,,,
1064,1064,1064,1064,1064,1064,248369640,17.263,,,,
1065,1065,1065,1065,1065,1065,248369641,17.264,,,,
1066,1066,1066,1066,1066,1066,248369642,17.265,,,,
1067,1067,1067,1067,1067,1067,248369643,17.266,,,,
1068,1068,1068,1068,1068,1068,248369644,17.267,,,,
1069,1069,1069,1069,1069,1069,248369645,17.268,,,,
1070,1070,1070,1070,1070,1070,248369646,17.271,,,,
1071,1071,1071,1071,1071,1071,248369647,17.272,,,,
1072,1072,1072,1072,1072,1072,248369648,17.274,,,,
1073,1073,1073,1073,1073,1073,248369649,17.276,,,,
1074,1074,1074,1074,1074,1074,248369650,17.277,,,,
1075,1075,1075,1075,1075,1075,248369651,17.278,,,,
1076,1076,1076,1076,1076,1076,248369652,17.278,,,,
1077,1077,1077,1077,1077,1077,248369653,17.279,,,,
1078,1078,1078,1078,1078,1078,248369654,17.281,,,,
1079,1079,1079,1079,1079,1079,248369655,17.281,,,,
1080,1080,1080,1080,1080,1080,248369656,17.283,,,,
1081,1081,1081,1081,1081,1081,248369657,17.283,,,,
1082,1082,1082,1082,1082,1082,248369658,17.284,,,,
1083,1083,1083,1083,1083,1083,248369659,17.285,,,,
1084,1084,1084,1084,1084,1084,248369660,17.288,,,,
1085,1085,1085,1085,1085,1085,248369661,17.290,,,,
1086,1086,1086,1086,1086,1086,248369663,17.291,,,,
1087,1087,1087,1087,1087,1087,248369664,17.292,,,,
1088,1088,1088,1088,1088,1088,248369665,17.292,,,,
1089,1089,1089,1089,1089,1089,248369667,17.293,,,,
1090,1090,1090,1090,1090,1090,248369668,17.295,,,,
1091,1091,1091,1091,1091,1091,248369669,17.295,,,,
1092,1092,1092,1092,1092,1092,248369670,17.296,,,,
1093,1093,1093,1093,1093,1093,248369672,17.299,,,,
1094,1094,1094,1094,1094,1094,248369673,17.301,,,,
1095,1095,1095,1095,1095,1095,248369674,17.301,,,,
1096,1096,1096,1096,1096,1096,248369675,17.302,,,,
1097,1097,1097,1097,1097,1097,248369676,17.303,,,,
1098,1098,1098,1098,1098,1098,248369677,17.305,,,,
1099,1099,1099,1099,1099,1099,248369679,17.308,,,,
1100,1100,1100,1100,1100,1100,248369680,17.309,,,,
1101,1101,1101,1101,1101,1101,248369681,17.309,,,,
1102,1102,1102,1102,1102,1102,248369682,17.309,,,,
1103,1103,1103,1103,1103,1103,248369683,17.310,,,,
1104,1104,1104,1104,1104,1104,248369684,17.312,,,,
1105,1105,1105,1105,1105,1105,248369685,17.313,,,,
1106,1106,1106,1106,1106,1106,248369686,17.316,,,,
1107,1107,1107,1107,1107,1107,248369687,17.317,,,,
1108,1108,1108,1108,1108,1108,248369688,17.317,,,,
1109,1109,1109,1109,1109,1109,248369689,17.319,,,,
1110,1110,1110,1110,1110,1110,248369690,17.319,,,,
1111,1111,1111,1111,1111,1111,248369691,17.320,,,,
1112,1112,1112,1112,1112,1112,248369692,17.320,,,,
1113,1113,1113,1113,1113,1113,248369693,17.321,,,,
1114,1114,1114,1114,1114,1114,248369694,17.322,,,,
1115,1115,1115,1115,1115,1115,248369695,17.323,,,,
1116,1116,1116,1116,1116,1116,248369696,17.325,,,,
1117,1117,1117,1117,1117,1117,248369697,17.325,,,,
1118,1118,1118,1118,1118,1118,248369698,17.326,,,,
1119,1119,1119,1119,1119,1119,248369699,17.327,,,,
1120,1120,1120,1120,1120,1120,248369700,17.328,,,,
1121,1121,1121,1121,1121,1121,248369701,17.329,,,,
1122,1122,1122,1122,1122,1122,248369702,17.331,,,,
1123,1123,1123,1123,1123,1123,248369703,17.331,,,,
1124,1124,1124,1124,1124,1124,248369704,17.334,,,,
1125,1125,1125,1125,1125,1125,248369705,17.335,,,,
1126,1126,1126,1126,1126,1126,248369706,17.336,,,,
1127,1127,1127,1127,1127,1127,248369707,17.336,,,,
1128,1128,1128,1128,1128,1128,248369708,17.336,,,,
1129,1129,1129,1129,1129,1129,248369709,17.337,,,,
1130,1130,1130,1130,1130,1130,248369710,17.339,,,,
1131,1131,1131,1131,1131,1131,248369711,17.340,,,,
1132,1132,1132,1132,1132,1132,248369712,17.341,,,,
1133,1133,1133,1133,1133,1133,248369713,17.342,,,,
1134,1134,1134,1134,1134,1134,248369714,17.343,,,,
1135,1135,1135,1135,1135,1135,248369715,17.343,,,,
1136,1136,1136,1136,1136,1136,248369716,17.343,,,,
1137,1137,1137,1137,1137,1137,248369717,17.343,,,,
1138,1138,1138,1138,1138,1138,248369718,17.343,,,,
1139,1139,1139,1139,1139,1139,248369719,17.343,,,,
1140,1140,1140,1140,1140,1140,248369720,17.343,,,,
1141,1141,1141,1141,1141,1141,248369721,17.344,,,,
1142,1142,1142,1142,1142,1142,248369722,17.344,,,,
1143,1143,1143,1143,1143,1143,248369723,17.345,,,,
1144,1144,1144,1144,1144,1144,248369724,17.347,,,,
1145,1145,1145,1145,1145,1145,248369725,17.348,,,,
1146,1146,1146,1146,1146,1146,248369726,17.350,,,,
1147,1147,1147,1147,1147,1147,248369727,17.351,,,,
1148,1148,1148,1148,1148,1148,248369728,17.352,,,,
1149,1149,1149,1149,1149,1149,248369729,17.353,,,,
1150,1150,1150,1150,1150,1150,248369730,17.354,,,,
1151,1151,1151,1151,1151,1151,248369731,17.355,,,,
1152,1152,1152,1152,1152,1152,248369732,17.356,,,,
1153,1153,1153,1153,1153,1153,248369733,17.357,,,,
1154,1154,1154,1154,1154,1154,248369734,17.358,,,,
1155,1155,1155,1155,1155,1155,248369735,17.359,,,,
1156,1156,1156,1156,1156,1156,248369736,17.359,,,,
1157,1157,1157,1157,1157,1157,248369737,17.359,,,,
1158,1158,1158,1158,1158,1158,248369738,17.359,,,,
1159,1159,1159,1159,1159,1159,248369739,17.362,,,,
1160,1160,1160,1160,1160,1160,248369740,17.362,,,,
1161,1161,1161,1161,1161,1161,248369741,17.362,,,,
1162,1162,1162,1162,1162,1162,248369742,17.363,,,,
1163,1163,1163,1163,1163,1163,248369743,17.364,,,,
1164,1164,1164,1164,1164,1164,248369744,17.364,,,,
1165,1165,1165,1165,1165,1165,248369745,17.364,,,,
1166,1166,1166,1166,1166,1166,248369746,17.365,,,,
1167,1167,1167,1167,1167,1167,248369747,17.366,,,,
1168,1168,1168,1168,1168,1168,248369749,17.367,,,,
1169,1169,1169,1169,1169,1169,248369750,17.367,,,,
1170,1170,1170,1170,1170,1170,248369751,17.368,,,,
1171,1171,1171,1171,1171,1171,248369752,17.370,,,,
1172,1172,1172,1172,1172,1172,248369753,17.370,,,,
1173,1173,1173,1173,1173,1173,248369754,17.370,,,,
1174,1174,1174,1174,1174,1174,248369755,17.370,,,,
1175,1175,1175,1175,1175,1175,248369756,17.372,,,,
1176,1176,1176,1176,1176,1176,248369757,17.372,,,,
1177,1177,1177,1177,1177,1177,248369759,17.374,,,,
1178,1178,1178,1178,1178,1178,248369760,17.375,,,,
1179,1179,1179,1179,1179,1179,248369761,17.376,,,,
1180,1180,1180,1180,1180,1180,248369762,17.377,,,,
1181,1181,1181,1181,1181,1181,248369763,17.377,,,,
1182,1182,1182,1182,1182,1182,248369764,17.378,,,,
1183,1183,1183,1183,1183,1183,248369766,17.380,,,,
1184,1184,1184,1184,1184,1184,248369767,17.381,,,,
1185,1185,1185,1185,1185,1185,248369768,17.382,,,,
1186,1186,1186,1186,1186,1186,248369769,17.382,,,,
1187,1187,1187,1187,1187,1187,248369770,17.383,,,,
1188,1188,1188,1188,1188,1188,248369771,17.383,,,,
1189,1189,1189,1189,1189,1189,248369772,17.385,,,,
1190,1190,1190,1190,1190,1190,248369773,17.389,,,,
1191,1191,1191,1191,1191,1191,248369774,17.389,,,,
1192,1192,1192,1192,1192,1192,248369775,17.390,,,,
1193,1193,1193,1193,1193,1193,248369776,17.390,,,,
1194,1194,1194,1194,1194,1194,248369777,17.390,,,,
1195,1195,1195,1195,1195,1195,248369778,17.390,,,,
1196,1196,1196,1196,1196,1196,248369779,17.392,,,,
1197,1197,1197,1197,1197,1197,248369780,17.392,,,,
1198,1198,1198,1198,1198,1198,248369781,17.393,,,,
1199,1199,1199,1199,1199,1199,248369782,17.393,,,,
1200,1200,1200,1200,1200,1200,248369783,17.393,,,,
1201,1201,1201,1201,1201,1201,248369784,17.394,,,,
1202,1202,1202,1202,1202,1202,248369785,17.396,,,,
1203,1203,1203,1203,1203,1203,248369786,17.396,,,,
1204,1204,1204,1204,1204,1204,248369787,17.401,,,,
1205,1205,1205,1205,1205,1205,248369788,17.401,,,,
1206,1206,1206,1206,1206,1206,248369789,17.402,,,,
1207,1207,1207,1207,1207,1207,248369790,17.402,,,,
1208,1208,1208,1208,1208,1208,248369791,17.403,,,,
1209,1209,1209,1209,1209,1209,248369792,17.406,,,,
1210,1210,1210,1210,1210,1210,248369793,17.406,,,,
1211,1211,1211,1211,1211,1211,248369794,17.407,,,,
1212,1212,1212,1212,1212,1212,248369795,17.407,,,,
1213,1213,1213,1213,1213,1213,248369796,17.407,,,,
1214,1214,1214,1214,1214,1214,248369797,17.409,,,,
1215,1215,1215,1215,1215,1215,248369798,17.409,,,,
1216,1216,1216,1216,1216,1216,248369799,17.410,,,,
1217,1217,1217,1217,1217,1217,248369800,17.410,,,,
1218,1218,1218,1218,1218,1218,248369801,17.412,,,,
1219,1219,1219,1219,1219,1219,248369802,17.412,,,,
1220,1220,1220,1220,1220,1220,248369803,17.412,,,,
1221,1221,1221,1221,1221,1221,248369804,17.413,,,,
1222,1222,1222,1222,1222,1222,248369805,17.414,,,,
1223,1223,1223,1223,1223,1223,248369806,17.414,,,,
1224,1224,1224,1224,1224,1224,248369807,17.414,,,,
1225,1225,1225,1225,1225,1225,248369808,17.415,,,,
1226,1226,1226,1226,1226,1226,248369809,17.416,,,,
1227,1227,1227,1227,1227,1227,248369810,17.418,,,,
1228,1228,1228,1228,1228,1228,248369811,17.419,,,,
1229,1229,1229,1229,1229,1229,248369813,17.422,,,,
1230,1230,1230,1230,1230,1230,248369814,17.423,,,,
1231,1231,1231,1231,1231,1231,248369815,17.424,,,,
1232,1232,1232,1232,1232,1232,248369816,17.426,,,,
1233,1233,1233,1233,1233,1233,248369817,17.426,,,,
1234,1234,1234,1234,1234,1234,248369818,17.427,,,,
1235,1235,1235,1235,1235,1235,248369819,17.427,,,,
1236,1236,1236,1236,1236,1236,248369820,17.427,,,,
1237,1237,1237,1237,1237,1237,248369821,17.428,,,,
1238,1238,1238,1238,1238,1238,248369822,17.429,,,,
1239,1239,1239,1239,1239,1239,248369823,17.429,,,,
1240,1240,1240,1240,1240,1240,248369824,17.430,,,,
1241,1241,1241,1241,1241,1241,248369825,17.431,,,,
1242,1242,1242,1242,1242,1242,248369826,17.432,,,,
1243,1243,1243,1243,1243,1243,248369827,17.432,,,,
1244,1244,1244,1244,1244,1244,248369828,17.433,,,,
1245,1245,1245,1245,1245,1245,248369829,17.433,,,,
1246,1246,1246,1246,1246,1246,248369830,17.434,,,,
1247,1247,1247,1247,1247,1247,248369831,17.435,,,,
1248,1248,1248,1248,1248,1248,248369832,17.435,,,,
1249,1249,1249,1249,1249,1249,248369833,17.435,,,,
1250,1250,1250,1250,1250,1250,248369834,17.435,,,,
1251,1251,1251,1251,1251,1251,248369835,17.435,,,,
1252,1252,1252,1252,1252,1252,248369836,17.435,,,,
1253,1253,1253,1253,1253,1253,248369837,17.436,,,,
1254,1254,1254,1254,1254,1254,248369838,17.436,,,,
1255,1255,1255,1255,1255,1255,248369839,17.437,,,,
1256,1256,1256,1256,1256,1256,248369841,17.439,,,,
1257,1257,1257,1257,1257,1257,248369842,17.439,,,,
1258,1258,1258,1258,1258,1258,248369843,17.439,,,,
1259,1259,1259,1259,1259,1259,248369844,17.439,,,,
1260,1260,1260,1260,1260,1260,248369845,17.440,,,,
1261,1261,1261,1261,1261,1261,248369846,17.440,,,,
1262,1262,1262,1262,1262,1262,248369847,17.442,,,,
1263,1263,1263,1263,1263,1263,248369848,17.443,,,,
1264,1264,1264,1264,1264,1264,248369849,17.444,,,,
1265,1265,1265,1265,1265,1265,248369850,17.444,,,,
1266,1266,1266,1266,1266,1266,248369851,17.444,,,,
1267,1267,1267,1267,1267,1267,248369852,17.446,,,,
1268,1268,1268,1268,1268,1268,248369853,17.446,,,,
1269,1269,1269,1269,1269,1269,248369854,17.446,,,,
1270,1270,1270,1270,1270,1270,248369855,17.447,,,,
1271,1271,1271,1271,1271,1271,248369856,17.448,,,,
1272,1272,1272,1272,1272,1272,248369857,17.451,,,,
1273,1273,1273,1273,1273,1273,248369858,17.452,,,,
1274,1274,1274,1274,1274,1274,248369859,17.452,,,,
1275,1275,1275,1275,1275,1275,248369860,17.453,,,,
1276,1276,1276,1276,1276,1276,248369861,17.454,,,,
1277,1277,1277,1277,1277,1277,248369862,17.454,,,,
1278,1278,1278,1278,1278,1278,248369863,17.455,,,,
1279,1279,1279,1279,1279,1279,248369864,17.456,,,,
1280,1280,1280,1280,1280,1280,248369866,17.459,,,,
1281,1281,1281,1281,1281,1281,248369867,17.459,,,,
1282,1282,1282,1282,1282,1282,248369868,17.459,,,,
1283,1283,1283,1283,1283,1283,248369870,17.460,,,,
1284,1284,1284,1284,1284,1284,248369871,17.460,,,,
1285,1285,1285,1285,1285,1285,248369872,17.460,,,,
1286,1286,1286,1286,1286,1286,248369873,17.463,,,,
1287,1287,1287,1287,1287,1287,248369874,17.463,,,,
1288,1288,1288,1288,1288,1288,248369875,17.463,,,,
1289,1289,1289,1289,1289,1289,248369876,17.464,,,,
1290,1290,1290,1290,1290,1290,248369877,17.466,,,,
1291,1291,1291,1291,1291,1291,248369878,17.467,,,,
1292,1292,1292,1292,1292,1292,248369879,17.467,,,,
1293,1293,1293,1293,1293,1293,248369880,17.468,,,,
1294,1294,1294,1294,1294,1294,248369881,17.468,,,,
1295,1295,1295,1295,1295,1295,248369882,17.471,,,,
1296,1296,1296,1296,1296,1296,248369883,17.472,,,,
1297,1297,1297,1297,1297,1297,248369884,17.473,,,,
1298,1298,1298,1298,1298,1298,248369885,17.473,,,,
1299,1299,1299,1299,1299,1299,248369886,17.473,,,,
1300,1300,1300,1300,1300,1300,248369887,17.474,,,,
1301,1301,1301,1301,1301,1301,248369888,17.475,,,,
1302,1302,1302,1302,1302,1302,248369889,17.476,,,,
1303,1303,1303,1303,1303,1303,248369890,17.476,,,,
1304,1304,1304,1304,1304,1304,248369891,17.477,,,,
1305,1305,1305,1305,1305,1305,248369892,17.478,,,,
1306,1306,1306,1306,1306,1306,248369893,17.479,,,,
1307,1307,1307,1307,1307,1307,248369894,17.480,,,,
1308,1308,1308,1308,1308,1308,248369895,17.480,,,,
1309,1309,1309,1309,1309,1309,248369896,17.480,,,,
1310,1310,1310,1310,1310,1310,248369898,17.482,,,,
1311,1311,1311,1311,1311,1311,248369899,17.482,,,,
1312,1312,1312,1312,1312,1312,248369900,17.483,,,,
1313,1313,1313,1313,1313,1313,248369901,17.483,,,,
1314,1314,1314,1314,1314,1314,248369902,17.483,,,,
1315,1315,1315,1315,1315,1315,248369903,17.483,,,,
1316,1316,1316,1316,1316,1316,248369904,17.485,,,,
1317,1317,1317,1317,1317,1317,248369905,17.485,,,,
1318,1318,1318,1318,1318,1318,248369906,17.485,,,,
1319,1319,1319,1319,1319,1319,248369907,17.486,,,,
1320,1320,1320,1320,1320,1320,248369908,17.486,,,,
1321,1321,1321,1321,1321,1321,248369909,17.487,,,,
1322,1322,1322,1322,1322,1322,248369910,17.488,,,,
1323,1323,1323,1323,1323,1323,248369911,17.488,,,,
1324,1324,1324,1324,1324,1324,248369912,17.489,,,,
1325,1325,1325,1325,1325,1325,248369913,17.491,,,,
1326,1326,1326,1326,1326,1326,248369914,17.491,,,,
1327,1327,1327,1327,1327,1327,248369915,17.491,,,,
1328,1328,1328,1328,1328,1328,248369916,17.491,,,,
1329,1329,1329,1329,1329,1329,248369917,17.492,,,,
1330,1330,1330,1330,1330,1330,248369918,17.493,,,,
1331,1331,1331,1331,1331,1331,248369919,17.495,,,,
1332,1332,1332,1332,1332,1332,248369920,17.495,,,,
1333,1333,1333,1333,1333,1333,248369921,17.496,,,,
1334,1334,1334,1334,1334,1334,248369922,17.496,,,,
1335,1335,1335,1335,1335,1335,248369923,17.497,,,,
1336,1336,1336,1336,1336,1336,248369924,17.498,,,,
1337,1337,1337,1337,1337,1337,248369925,17.499,,,,
1338,1338,1338,1338,1338,1338,248369926,17.500,,,,
1339,1339,1339,1339,1339,1339,248369927,17.501,,,,
1340,1340,1340,1340,1340,1340,248369928,17.502,,,,
1341,1341,1341,1341,1341,1341,248369929,17.502,,,,
1342,1342,1342,1342,1342,1342,248369930,17.502,,,,
1343,1343,1343,1343,1343,1343,248369931,17.503,,,,
1344,1344,1344,1344,1344,1344,248369932,17.503,,,,
1345,1345,1345,1345,1345,1345,248369933,17.504,,,,
1346,1346,1346,1346,1346,1346,248369934,17.505,,,,
1347,1347,1347,1347,1347,1347,248369935,17.505,,,,
1348,1348,1348,1348,1348,1348,248369936,17.508,,,,
1349,1349,1349,1349,1349,1349,248369937,17.508,,,,
1350,1350,1350,1350,1350,1350,248369938,17.508,,,,
1351,1351,1351,1351,1351,1351,248369939,17.509,,,,
1352,1352,1352,1352,1352,1352,248369940,17.509,,,,
1353,1353,1353,1353,1353,1353,248369941,17.511,,,,
1354,1354,1354,1354,1354,1354,248369942,17.511,,,,
1355,1355,1355,1355,1355,1355,248369943,17.512,,,,
1356,1356,1356,1356,1356,1356,248369944,17.513,,,,
1357,1357,1357,1357,1357,1357,248369945,17.514,,,,
1358,1358,1358,1358,1358,1358,248369946,17.514,,,,
1359,1359,1359,1359,1359,1359,248369947,17.514,,,,
1360,1360,1360,1360,1360,1360,248369948,17.516,,,,
1361,1361,1361,1361,1361,1361,248369949,17.516,,,,
1362,1362,1362,1362,1362,1362,248369950,17.517,,,,
1363,1363,1363,1363,1363,1363,248369951,17.517,,,,
1364,1364,1364,1364,1364,1364,248369952,17.520,,,,
1365,1365,1365,1365,1365,1365,248369953,17.520,,,,
1366,1366,1366,1366,1366,1366,248369954,17.520,,,,
1367,1367,1367,1367,1367,1367,248369955,17.521,,,,
1368,1368,1368,1368,1368,1368,248369956,17.521,,,,
1369,1369,1369,1369,1369,1369,248369957,17.521,,,,
1370,1370,1370,1370,1370,1370,248369958,17.522,,,,
1371,1371,1371,1371,1371,1371,248369959,17.522,,,,
1372,1372,1372,1372,1372,1372,248369960,17.524,,,,
1373,1373,1373,1373,1373,1373,248369961,17.524,,,,
1374,1374,1374,1374,1374,1374,248369963,17.526,,,,
1375,1375,1375,1375,1375,1375,248369964,17.527,,,,
1376,1376,1376,1376,1376,1376,248369965,17.527,,,,
1377,1377,1377,1377,1377,1377,248369966,17.527,,,,
1378,1378,1378,1378,1378,1378,248369967,17.527,,,,
1379,1379,1379,1379,1379,1379,248369968,17.529,,,,
1380,1380,1380,1380,1380,1380,248369969,17.529,,,,
1381,1381,1381,1381,1381,1381,248369970,17.529,,,,
1382,1382,1382,1382,1382,1382,248369971,17.530,,,,
1383,1383,1383,1383,1383,1383,248369972,17.531,,,,
1384,1384,1384,1384,1384,1384,248369973,17.531,,,,
1385,1385,1385,1385,1385,1385,248369974,17.531,,,,
1386,1386,1386,1386,1386,1386,248369975,17.531,,,,
1387,1387,1387,1387,1387,1387,248369976,17.531,,,,
1388,1388,1388,1388,1388,1388,248369977,17.532,,,,
1389,1389,1389,1389,1389,1389,248369978,17.532,,,,
1390,1390,1390,1390,1390,1390,248369979,17.532,,,,
1391,1391,1391,1391,1391,1391,248369980,17.532,,,,
1392,1392,1392,1392,1392,1392,248369981,17.532,,,,
1393,1393,1393,1393,1393,1393,248369982,17.532,,,,
1394,1394,1394,1394,1394,1394,248369983,17.532,,,,
1395,1395,1395,1395,1395,1395,248369984,17.534,,,,
1396,1396,1396,1396,1396,1396,248369985,17.535,,,,
1397,1397,1397,1397,1397,1397,248369986,17.536,,,,
1398,1398,1398,1398,1398,1398,248369987,17.536,,,,
1399,1399,1399,1399,1399,1399,248369988,17.536,,,,
1400,1400,1400,1400,1400,1400,248369989,17.536,,,,
1401,1401,1401,1401,1401,1401,248369990,17.537,,,,
1402,1402,1402,1402,1402,1402,248369991,17.537,,,,
1403,1403,1403,1403,1403,1403,248369992,17.537,,,,
1404,1404,1404,1404,1404,1404,248369993,17.538,,,,
1405,1405,1405,1405,1405,1405,248369994,17.538,,,,
1406,1406,1406,1406,1406,1406,248369995,17.538,,,,
1407,1407,1407,1407,1407,1407,248369996,17.538,,,,
1408,1408,1408,1408,1408,1408,248369997,17.539,,,,
1409,1409,1409,1409,1409,1409,248369998,17.540,,,,
1410,1410,1410,1410,1410,1410,248369999,17.540,,,,
1411,1411,1411,1411,1411,1411,248370000,17.540,,,,
1412,1412,1412,1412,1412,1412,248370001,17.540,,,,
1413,1413,1413,1413,1413,1413,248370002,17.540,,,,
1414,1414,1414,1414,1414,1414,248370003,17.541,,,,
1415,1415,1415,1415,1415,1415,248370004,17.542,,,,
1416,1416,1416,1416,1416,1416,248370005,17.542,,,,
1417,1417,1417,1417,1417,1417,248370006,17.546,,,,
1418,1418,1418,1418,1418,1418,248370007,17.546,,,,
1419,1419,1419,1419,1419,1419,248370008,17.547,,,,
1420,1420,1420,1420,1420,1420,248370009,17.547,,,,
1421,1421,1421,1421,1421,1421,248370010,17.548,,,,
1422,1422,1422,1422,1422,1422,248370011,17.548,,,,
1423,1423,1423,1423,1423,1423,248370012,17.548,,,,
1424,1424,1424,1424,1424,1424,248370013,17.549,,,,
1425,1425,1425,1425,1425,1425,248370014,17.551,,,,
1426,1426,1426,1426,1426,1426,248370015,17.551,,,,
1427,1427,1427,1427,1427,1427,248370016,17.551,,,,
1428,1428,1428,1428,1428,1428,248370017,17.552,,,,
1429,1429,1429,1429,1429,1429,248370018,17.553,,,,
1430,1430,1430,1430,1430,1430,248370019,17.553,,,,
1431,1431,1431,1431,1431,1431,248370020,17.553,,,,
1432,1432,1432,1432,1432,1432,248370021,17.554,,,,
1433,1433,1433,1433,1433,1433,248370022,17.554,,,,
1434,1434,1434,1434,1434,1434,248370023,17.554,,,,
1435,1435,1435,1435,1435,1435,248370024,17.554,,,,
1436,1436,1436,1436,1436,1436,248370025,17.555,,,,
1437,1437,1437,1437,1437,1437,248370026,17.555,,,,
1438,1438,1438,1438,1438,1438,248370027,17.555,,,,
1439,1439,1439,1439,1439,1439,248370028,17.555,,,,
1440,1440,1440,1440,1440,1440,248370029,17.556,,,,
1441,1441,1441,1441,1441,1441,248370031,17.557,,,,
1442,1442,1442,1442,1442,1442,248370032,17.557,,,,
1443,1443,1443,1443,1443,1443,248370033,17.558,,,,
1444,1444,1444,1444,1444,1444,248370034,17.559,,,,
1445,1445,1445,1445,1445,1445,248370035,17.559,,,,
1446,1446,1446,1446,1446,1446,248370036,17.559,,,,
1447,1447,1447,1447,1447,1447,248370037,17.559,,,,
1448,1448,1448,1448,1448,1448,248370038,17.560,,,,
1449,1449,1449,1449,1449,1449,248370039,17.561,,,,
1450,1450,1450,1450,1450,1450,248370040,17.562,,,,
1451,1451,1451,1451,1451,1451,248370041,17.562,,,,
1452,1452,1452,1452,1452,1452,248370042,17.562,,,,
1453,1453,1453,1453,1453,1453,248370043,17.563,,,,
1454,1454,1454,1454,1454,1454,248370044,17.563,,,,
1455,1455,1455,1455,1455,1455,248370045,17.563,,,,
1456,1456,1456,1456,1456,1456,248370046,17.563,,,,
1457,1457,1457,1457,1457,1457,248370047,17.563,,,,
1458,1458,1458,1458,1458,1458,248370048,17.564,,,,
1459,1459,1459,1459,1459,1459,248370049,17.564,,,,
1460,1460,1460,1460,1460,1460,248370050,17.565,,,,
1461,1461,1461,1461,1461,1461,248370051,17.566,,,,
1462,1462,1462,1462,1462,1462,248370052,17.567,,,,
1463,1463,1463,1463,1463,1463,248370053,17.567,,,,
1464,1464,1464,1464,1464,1464,248370054,17.567,,,,
1465,1465,1465,1465,1465,1465,248370055,17.568,,,,
1466,1466,1466,1466,1466,1466,248370056,17.568,,,,
1467,1467,1467,1467,1467,1467,248370057,17.569,,,,
1468,1468,1468,1468,1468,1468,248370058,17.569,,,,
1469,1469,1469,1469,1469,1469,248370059,17.569,,,,
1470,1470,1470,1470,1470,1470,248370060,17.570,,,,
1471,1471,1471,1471,1471,1471,248370061,17.570,,,,
1472,1472,1472,1472,1472,1472,248370062,17.570,,,,
1473,1473,1473,1473,1473,1473,248370063,17.571,,,,
1474,1474,1474,1474,1474,1474,248370064,17.571,,,,
1475,1475,1475,1475,1475,1475,248370065,17.571,,,,
1476,1476,1476,1476,1476,1476,248370066,17.571,,,,
1477,1477,1477,1477,1477,1477,248370067,17.571,,,,
1478,1478,1478,1478,1478,1478,248370068,17.572,,,,
1479,1479,1479,1479,1479,1479,248370069,17.572,,,,
1480,1480,1480,1480,1480,1480,248370070,17.574,,,,
1481,1481,1481,1481,1481,1481,248370071,17.574,,,,
1482,1482,1482,1482,1482,1482,248370072,17.575,,,,
1483,1483,1483,1483,1483,1483,248370073,17.576,,,,
1484,1484,1484,1484,1484,1484,248370074,17.576,,,,
1485,1485,1485,1485,1485,1485,248370075,17.576,,,,
1486,1486,1486,1486,1486,1486,248370076,17.577,,,,
1487,1487,1487,1487,1487,1487,248370077,17.577,,,,
1488,1488,1488,1488,1488,1488,248370078,17.579,,,,
1489,1489,1489,1489,1489,1489,248370079,17.580,,,,
1490,1490,1490,1490,1490,1490,248370080,17.580,,,,
1491,1491,1491,1491,1491,1491,248370081,17.581,,,,
1492,1492,1492,1492,1492,1492,248370082,17.581,,,,
1493,1493,1493,1493,1493,1493,248370083,17.582,,,,
1494,1494,1494,1494,1494,1494,248370084,17.582,,,,
1495,1495,1495,1495,1495,1495,248370085,17.582,,,,
1496,1496,1496,1496,1496,1496,248370086,17.582,,,,
1497,1497,1497,1497,1497,1497,248370087,17.582,,,,
1498,1498,1498,1498,1498,1498,248370088,17.583,,,,
1499,1499,1499,1499,1499,1499,248370089,17.584,,,,
1500,1500,1500,1500,1500,1500,248370090,17.584,,,,
1501,1501,1501,1501,1501,1501,248370091,17.584,,,,
1502,1502,1502,1502,1502,1502,248370092,17.584,,,,
1503,1503,1503,1503,1503,1503,248370093,17.585,,,,
1504,1504,1504,1504,1504,1504,248370094,17.585,,,,
1505,1505,1505,1505,1505,1505,248370095,17.586,,,,
1506,1506,1506,1506,1506,1506,248370096,17.586,,,,
1507,1507,1507,1507,1507,1507,248370097,17.587,,,,
1508,1508,1508,1508,1508,1508,248370099,17.588,,,,
1509,1509,1509,1509,1509,1509,248370100,17.588,,,,
1510,1510,1510,1510,1510,1510,248370101,17.589,,,,
1511,1511,1511,1511,1511,1511,248370102,17.589,,,,
1512,1512,1512,1512,1512,1512,248370103,17.590,,,,
1513,1513,1513,1513,1513,1513,248370104,17.590,,,,
1514,1514,1514,1514,1514,1514,248370105,17.591,,,,
1515,1515,1515,1515,1515,1515,248370106,17.593,,,,
1516,1516,1516,1516,1516,1516,248370107,17.594,,,,
1517,1517,1517,1517,1517,1517,248370108,17.594,,,,
1518,1518,1518,1518,1518,1518,248370109,17.594,,,,
1519,1519,1519,1519,1519,1519,248370110,17.594,,,,
1520,1520,1520,1520,1520,1520,248370111,17.595,,,,
1521,1521,1521,1521,1521,1521,248370112,17.596,,,,
1522,1522,1522,1522,1522,1522,248370113,17.597,,,,
1523,1523,1523,1523,1523,1523,248370114,17.597,,,,
1524,1524,1524,1524,1524,1524,248370115,17.597,,,,
1525,1525,1525,1525,1525,1525,248370116,17.597,,,,
1526,1526,1526,1526,1526,1526,248370117,17.598,,,,
1527,1527,1527,1527,1527,1527,248370118,17.598,,,,
1528,1528,1528,1528,1528,1528,248370119,17.598,,,,
1529,1529,1529,1529,1529,1529,248370121,17.599,,,,
1530,1530,1530,1530,1530,1530,248370122,17.599,,,,
1531,1531,1531,1531,1531,1531,248370123,17.599,,,,
