EPIC,KepMag,Kmag,Teff,mass,Radius
integer,float,float,integer,float,float
229159990,13.731,11.786,5157,0.892,3.437
229160096,12.706,10.955,5399,0.858,2.450
229160115,16.679,15.197,5321,0.795,0.784
229160150,17.405,,,,
229160158,17.308,,,,
229160267,14.250,12.518,5453,0.829,0.802
229160301,13.167,11.879,6243,0.989,1.331
229160305,12.821,10.750,5075,0.936,2.639
229160336,13.964,12.511,5788,0.905,0.955
229160415,14.608,11.539,3768,0.391,0.360
229160432,12.615,11.216,5904,1.110,1.230
229160505,14.250,12.267,5049,0.685,0.670
229160618,15.676,13.652,,,
229160669,13.693,11.648,4943,0.774,0.716
229160687,18.373,,,,
229160873,15.386,12.525,3397,0.182,0.197
229160885,14.795,12.967,5107,0.887,2.605
229160886,19.160,,,,
229161019,9.980,8.963,6438,1.385,1.690
229161131,16.777,,,,
229161135,13.840,10.980,3988,0.501,0.445
229161149,17.115,,,,
229161245,16.267,12.808,3672,0.296,0.283
229161280,12.391,10.950,5860,1.003,1.151
229161291,17.928,,,,
229161343,9.041,6.369,4302,1.194,18.250
229161437,11.757,10.261,6048,1.044,1.276
229161448,15.293,12.179,3966,0.494,0.439
229161481,11.801,10.241,5988,1.042,1.125
229161498,15.085,13.238,5010,0.749,0.701
229161640,17.116,14.429,,,
229161645,13.277,11.245,4916,0.945,4.412
229161648,14.516,12.569,5076,0.859,1.788
229161657,16.140,14.000,,,
229161713,16.785,14.782,,,
229161741,16.581,14.208,,,
229161806,13.764,11.306,4655,0.697,0.648
229161827,13.461,11.998,5778,0.935,0.950
229161834,17.552,14.454,4066,0.516,0.454
229161846,16.096,14.236,,,
229161869,12.478,11.190,6202,1.114,1.314
229161951,17.397,14.872,3788,0.324,0.309
229161959,14.887,12.918,5056,0.792,0.749
229161966,18.530,,,,
229162100,15.104,13.207,4971,0.825,0.775
229162114,14.872,12.988,5391,0.849,0.847
229162178,11.688,10.252,5983,0.998,1.246
229162202,14.048,11.884,4982,0.785,0.728
229162209,15.740,12.410,4058,0.535,0.475
229162223,15.313,13.220,4975,0.776,0.711
229162229,16.800,14.780,5440,0.797,2.456
229162274,12.034,10.459,5608,1.003,1.011
229162336,13.953,11.848,5050,0.731,0.691
229162376,12.211,10.163,5061,0.897,9.276
229162508,10.113,8.860,5940,1.241,2.004
229162512,16.840,,,,
229162567,16.946,,,,
229162578,16.890,14.582,4421,0.614,0.552
229162596,17.376,,,,
229162664,16.264,14.547,5284,0.814,0.806
229162793,15.908,13.011,3817,0.405,0.365
229162890,14.964,12.225,4093,0.545,0.483
229162902,14.973,13.052,5312,0.820,2.250
229163080,12.955,11.754,6183,1.066,1.319
229163081,18.186,,,,
229163114,12.903,11.476,6003,1.105,1.396
229163137,19.261,,,,
229163177,11.851,9.278,4543,0.957,14.014
229163185,17.294,,,,
229163252,13.701,11.534,4945,0.939,2.867
229163259,13.903,12.449,6038,0.981,1.135
229163311,16.162,14.329,4950,0.813,2.894
229163318,17.139,,,,
229163335,10.756,9.400,6051,1.010,1.089
229163381,13.455,11.538,5155,0.871,0.805
229163398,16.059,13.176,3754,0.307,0.291
229163478,12.954,11.378,5765,0.848,0.900
229163519,18.276,,,,
229163571,13.787,12.110,5343,0.872,0.827
229163602,15.055,13.044,5043,0.823,0.776
229163674,12.545,10.693,5337,0.824,0.777
229163682,13.791,11.955,5441,0.920,1.415
229163742,18.098,14.647,3712,0.292,0.296
229163767,13.506,12.035,5882,0.871,0.946
229163880,10.705,9.499,6334,1.478,2.147
229163941,15.284,12.092,3663,0.281,0.272
229163942,10.413,8.861,5780,1.041,1.501
229163993,14.477,13.179,6405,0.781,1.044
229164049,14.117,12.193,5086,0.809,0.758
229164066,14.319,12.143,4933,0.810,0.753
229164068,13.750,12.128,5638,0.894,0.902
229164070,15.563,13.933,,,
229164077,16.588,14.663,5037,0.809,11.363
229164119,14.907,12.174,4133,0.545,0.485
229164170,18.323,,,,
229164178,13.410,11.863,5753,0.970,1.175
229164198,17.262,14.785,,,
229164199,16.336,15.149,5833,0.677,0.660
229164263,19.045,,,,
229164381,14.795,12.869,5097,0.827,0.773
229164406,13.563,11.485,4945,0.920,8.207
229164457,12.932,10.036,3902,0.464,0.408
229164472,13.264,11.988,6022,1.094,1.276
229164583,14.702,12.843,4996,0.635,0.592
229164660,17.445,14.239,3414,0.189,0.207
229164663,18.604,,,,
229164724,19.359,,,,
229164725,8.898,7.470,6453,1.274,1.336
229164781,18.484,,,,
229164802,13.487,11.959,5716,0.801,0.831
229164831,12.830,11.180,5658,0.952,1.037
229164833,17.417,14.691,3646,0.264,0.270
229164835,18.532,,,,
229164839,12.878,11.522,5964,0.956,1.140
229164853,15.734,12.376,3284,0.145,0.169
229165160,16.818,15.056,5388,0.802,3.659
229165302,17.629,15.275,4454,0.631,0.574
229165311,11.374,10.033,6092,0.996,1.122
229165345,18.721,,,,
229165347,14.190,12.376,5217,0.863,0.807
229165392,15.491,11.972,3508,0.240,0.247
229165483,15.376,13.103,4938,0.815,0.754
229165541,14.434,11.272,3865,0.486,0.432
229165552,10.275,8.696,5435,0.911,0.850
229165704,18.698,,,,
229165713,14.131,12.055,4959,0.761,0.715
229165930,14.137,12.336,5258,0.894,0.838
229165995,18.928,,,,
229166111,15.581,12.833,3696,0.274,0.268
229166114,16.318,14.140,,,
229166208,13.167,11.611,5636,0.946,0.938
229166221,18.259,,,,
229166488,14.958,12.832,4925,0.746,0.686
229166501,13.959,12.348,5833,0.979,1.083
229166533,14.944,12.789,5052,0.766,0.730
229166544,16.444,13.001,3561,0.223,0.237
229166579,16.039,13.988,,,
229166612,9.156,6.862,4729,1.390,11.078
229166643,16.699,14.656,5080,0.634,0.596
229166848,14.382,12.265,4860,0.799,0.733
229166864,14.504,11.423,3843,0.448,0.396
229166866,13.830,12.210,5761,0.952,0.988
229166902,15.156,12.352,3698,0.252,0.249
229166939,14.234,12.310,5058,0.892,3.161
229166960,15.367,12.405,4099,0.523,0.473
229166965,16.154,14.064,,,
229166981,14.389,12.234,4922,0.777,0.720
229166992,15.722,12.834,3889,0.453,0.402
229167100,17.409,,,,
229167114,16.918,14.693,,,
229167133,15.367,13.521,5227,0.860,2.333
229167146,15.133,12.795,4697,0.737,0.670
229167156,13.101,11.775,6258,0.931,1.180
229167157,18.029,,,,
229167237,11.011,9.618,6127,1.200,1.749
229167295,12.851,9.616,3647,0.307,0.293
229167366,14.424,13.393,6610,0.787,1.270
229167376,15.914,14.489,5510,0.641,0.593
229167465,14.320,12.268,4950,0.684,0.649
229167571,17.495,15.351,5590,0.762,0.749
229167688,13.082,11.160,5214,0.902,6.598
229167733,10.666,9.229,5813,0.920,0.925
229167756,15.765,13.467,,,
229167793,14.481,12.465,5015,0.796,0.735
229167825,18.023,,,,
229167848,12.492,11.076,5963,0.996,1.174
229168051,16.123,12.617,3446,0.197,0.214
229168054,16.587,14.862,,,
229168242,18.985,,,,
229168315,16.482,14.909,5478,0.689,0.670
229168317,13.402,11.656,5163,0.903,3.232
229168400,13.983,12.540,5785,0.897,0.957
229168435,16.876,14.098,3703,0.300,0.283
229168456,15.308,12.786,4412,0.655,0.594
229168530,10.366,8.264,4838,0.963,8.118
229168556,17.403,14.285,3934,0.415,0.377
229168618,16.466,,,,
229168626,13.492,12.094,6001,1.016,1.308
229168639,18.740,,,,
229168651,18.337,14.825,3727,0.324,0.294
229168757,13.933,12.374,5529,0.839,0.810
229168809,14.711,11.069,3360,0.171,0.190
229168824,17.609,,,,
229168931,12.640,11.260,6039,0.959,1.166
229169040,15.011,12.616,4511,0.648,0.600
229169270,14.610,12.764,5437,0.816,0.783
229169358,13.831,12.368,5785,0.964,0.998
229169512,17.018,14.428,,,
229169570,13.871,10.723,3743,0.403,0.362
229169606,16.797,14.831,5138,0.810,8.810
229169617,13.963,11.005,3144,0.144,0.169
229169708,12.292,9.774,4478,0.812,67.540
229169771,13.356,11.494,5333,0.877,1.899
229169801,13.867,11.850,5187,0.849,0.784
229169805,14.595,12.813,5450,0.881,0.852
229169959,10.184,8.512,5633,0.970,0.932
229170025,15.750,13.185,4410,0.662,0.600
229170124,15.426,12.168,3720,0.383,0.353
229170181,16.845,15.043,5265,0.805,3.916
229170192,13.597,11.700,5142,0.883,3.922
229170194,13.666,12.229,5970,0.891,1.025
229170277,13.954,12.541,6171,0.940,1.225
229170329,12.004,10.614,6011,1.024,1.256
229170395,16.235,14.100,,,
229170601,13.079,10.965,4755,0.773,0.711
229170928,16.097,14.780,5404,0.805,0.908
229170952,15.268,13.345,5261,0.778,0.750
229170973,17.754,14.290,3333,0.172,0.193
229170976,12.625,10.478,4811,0.779,0.700
229171016,12.802,11.621,6448,1.134,1.382
229171202,19.292,,,,
229171248,14.221,12.331,5167,0.801,0.743
229171260,12.466,11.067,6045,0.994,1.159
229171332,13.526,11.746,5382,0.894,0.843
229171334,17.179,,,,
229171362,18.234,,,,
229171529,16.719,14.502,,,
229171586,18.897,,,,
229171649,15.143,12.918,4864,0.740,0.686
229171772,16.226,12.848,3624,0.309,0.293
229171906,15.940,12.717,3648,0.330,0.304
229171918,18.972,,,,
229171954,14.899,11.959,4027,0.531,0.467
229172008,17.233,,,,
229172079,16.467,12.875,3611,0.238,0.241
229172091,19.360,,,,
229172131,13.508,11.461,4983,0.969,3.524
229172202,15.172,13.053,3746,0.345,0.322
229172226,12.790,11.370,5813,0.945,1.272
229172236,12.359,10.907,5890,0.999,1.123
229172270,13.741,12.322,6033,0.910,1.093
229172294,17.105,14.423,,,
229172416,12.920,9.816,3747,0.295,0.281
229172440,13.762,11.667,4995,0.930,3.324
229172442,11.785,10.533,6181,0.987,1.242
229172467,15.201,13.077,4850,0.743,0.693
229172551,16.836,,,,
229172570,18.254,,,,
229172613,14.440,12.280,4669,0.673,0.628
229172727,14.006,12.302,5692,0.968,0.995
229172752,12.482,11.065,5946,0.916,1.031
229172765,14.464,12.381,4911,0.785,0.730
229172845,16.655,13.888,4181,0.582,0.521
229172857,16.033,14.387,5560,0.633,0.583
229172892,8.461,,,,
229172938,15.851,12.721,3675,0.335,0.312
229173052,10.832,8.105,4313,0.929,28.465
229173112,15.531,12.493,3679,0.338,0.315
229173295,16.176,,,,
229173310,12.650,10.593,5053,0.905,7.437
229173516,17.948,,,,
229173591,11.079,8.776,4638,0.759,0.686
229173647,14.985,12.984,5090,0.684,0.654
229173692,14.310,12.483,5126,0.885,2.584
229173698,16.526,14.295,,,
229173838,15.648,12.077,3800,0.358,0.330
229173865,14.875,12.883,4999,0.892,3.799
229173935,13.536,11.940,5738,0.973,1.025
229174034,13.728,11.003,4285,0.806,88.024
229174057,16.472,,,,
229174139,12.596,,,,
229174250,16.665,14.719,5522,0.713,0.699
229174256,14.957,12.927,5224,0.814,0.769
229174287,18.981,,,,
229174350,17.825,,,,
229174473,12.740,10.835,5111,0.795,0.746
229174483,16.102,12.711,3479,0.230,0.239
229174584,12.418,10.363,4998,1.200,2.549
229174655,12.832,11.459,6058,0.927,1.136
229174743,14.340,12.253,4871,0.787,0.718
229174815,9.549,8.034,5973,1.070,1.555
229174876,12.913,11.596,5631,0.931,0.969
229174884,16.535,14.761,,,
229174901,15.236,12.445,4243,0.586,0.532
229174998,13.959,12.490,5833,0.947,1.036
229175056,16.077,,,,
229175339,15.301,12.101,4132,0.562,0.498
229175379,13.237,11.743,5801,0.943,0.997
229175592,13.442,12.153,6203,0.957,1.255
229175617,13.318,11.361,5134,0.919,2.931
229175629,14.151,12.401,5419,0.948,0.909
229175652,12.730,10.350,4382,0.637,0.577
229175709,15.670,12.510,4004,0.519,0.456
229175729,13.407,11.256,4919,0.945,3.285
229175731,13.632,11.682,5060,0.691,0.656
229175732,18.641,,,,
229175740,15.015,14.237,,,
229175760,14.737,12.195,4451,0.674,0.613
229175762,15.780,12.828,3922,0.465,0.411
229175861,18.428,,,,
229175865,17.877,,,,
229176147,16.991,,,,
229176218,14.193,12.295,5239,0.863,2.271
229176266,13.035,10.096,4143,0.995,26.250
229176340,19.002,,,,
229176617,13.930,12.052,5093,0.896,2.931
229176683,15.233,13.491,5251,0.851,0.872
229176689,14.129,12.021,4787,0.771,0.713
229176704,16.528,,,,
229176812,16.379,14.225,,,
229176852,10.974,9.028,4957,1.168,2.652
229176879,13.880,11.237,4293,0.626,0.555
229176918,12.747,10.939,5218,0.913,2.733
229177052,15.172,14.651,6208,0.843,1.124
229177157,12.780,11.127,5457,0.960,0.924
229177211,10.943,8.907,4872,1.192,4.017
229177322,17.173,,,,
229177361,13.920,11.040,3985,0.478,0.429
229177377,13.659,11.949,5421,0.789,0.770
229177385,18.631,,,,
229177523,13.641,10.850,4047,0.497,0.436
229177528,17.268,14.448,3951,0.488,0.425
229177532,12.869,11.525,6233,1.158,1.419
229177782,12.042,10.510,5704,0.964,0.967
229178049,16.811,14.792,,,
229178087,12.870,11.513,6049,1.010,1.365
229178230,13.850,11.678,4787,0.734,0.677
229178326,19.062,,,,
229178347,13.500,11.847,5507,0.925,0.884
229178393,13.089,10.294,4472,0.958,13.945
229178492,18.549,,,,
229178599,12.159,10.352,5616,1.182,1.925
229178924,15.287,13.363,5242,0.828,0.788
229178960,13.248,11.905,6008,0.880,1.120
229179042,16.113,13.045,3827,0.382,0.345
229179227,18.663,,,,
229179349,12.377,10.916,5912,1.021,1.483
229179569,18.864,,,,
229179674,16.993,,,,
229179692,17.381,14.328,3856,0.265,0.252
229179847,18.940,,,,
229179894,11.145,9.877,6275,1.252,1.566
229179976,19.184,,,,
229180041,17.506,15.039,4484,0.621,0.586
229180093,17.147,14.531,,,
229180322,13.201,11.786,5857,1.015,1.069
229180584,15.670,12.615,3767,0.362,0.328
229181031,17.082,,,,
229181133,13.714,12.266,6014,0.961,1.084
229181181,14.084,12.243,5419,0.867,0.831
229181294,18.190,,,,
229181409,17.964,,,,
229181734,12.661,12.075,7525,1.879,2.325
229181860,14.296,12.591,5468,0.805,0.796
229181916,19.337,,,,
229181966,15.537,12.195,3555,0.241,0.241
229181989,10.508,8.907,5511,0.919,0.875
229182144,13.968,12.079,5359,0.876,0.833
229182245,10.054,8.713,5819,1.184,1.983
229182471,17.061,14.501,4367,0.545,0.485
229182769,14.592,12.441,4842,0.785,0.725
229185124,18.722,,,,
229187557,18.323,,,,
229188093,18.591,,,,
229194894,19.825,,,,
229195158,18.455,,,,
248368919,17.700,,,,
248368920,18.500,,,,
248368921,18.200,,,,
248368922,16.400,,,,
248368923,18.500,,,,
248368924,18.100,,,,
248368925,18.400,,,,
248368926,17.800,,,,
248368927,18.100,,,,
248368928,17.900,,,,
248368929,17.900,,,,
248368930,17.900,,,,
248368931,17.900,,,,
248368932,18.000,,,,
248368933,18.500,,,,
248368934,18.000,,,,
248368935,17.000,,,,
248368936,19.600,,,,
248368937,19.800,,,,
248368938,19.900,,,,
248368939,19.000,,,,
248368940,19.900,,,,
248368941,17.200,,,,
248368942,17.000,,,,
248368943,17.900,,,,
248368944,17.500,,,,
248368945,19.900,,,,
248368946,18.100,,,,
248368947,18.000,,,,
248368948,20.000,,,,
248368949,20.000,,,,
248368950,18.400,,,,
248368951,19.600,,,,
248368952,18.600,,,,
248368953,18.900,,,,
248368954,19.900,,,,
248368955,18.400,,,,
248368956,17.300,,,,
248368957,18.400,,,,
248368958,18.600,,,,
248368959,17.900,,,,
248368960,18.800,,,,
248368961,18.800,,,,
248368962,19.000,,,,
248368963,20.000,,,,
248368964,18.800,,,,
248368965,17.900,,,,
248368966,19.800,,,,
248368967,17.900,,,,
248368968,17.400,,,,
248368969,19.600,,,,
248368970,19.000,,,,
248368971,17.900,,,,
248368972,17.700,,,,
248368973,17.900,,,,
248368974,18.200,,,,
248368975,17.400,,,,
248368976,18.300,,,,
248368977,18.100,,,,
248368978,17.900,,,,
248368979,18.100,,,,
248368980,18.500,,,,
248368981,18.000,,,,
248368982,17.900,,,,
248368983,17.800,,,,
248368984,18.300,,,,
248368985,17.500,,,,
248368986,18.300,,,,
248368987,17.500,,,,
248368988,18.300,,,,
248368989,18.200,,,,
248368990,18.100,,,,
248368991,17.300,,,,
248368992,17.900,,,,
248368993,18.000,,,,
248368994,17.600,,,,
248368995,18.400,,,,
248368996,18.100,,,,
248368997,17.900,,,,
248368998,17.900,,,,
248368999,18.300,,,,
248369000,17.800,,,,
248369001,17.900,,,,
248369002,18.000,,,,
248369003,18.100,,,,
248369004,17.800,,,,
248369005,18.300,,,,
248369006,18.300,,,,
248369007,17.800,,,,
248369008,17.500,,,,
248369009,18.200,,,,
248369010,17.800,,,,
248369011,17.500,,,,
248369012,18.100,,,,
248369013,18.000,,,,
248369014,17.400,,,,
248369015,17.600,,,,
248369016,18.200,,,,
248369017,17.900,,,,
248369018,17.800,,,,
248369019,18.100,,,,
248369020,17.700,,,,
248369021,17.700,,,,
248369022,18.300,,,,
248369023,17.300,,,,
248369024,17.500,,,,
248369025,17.600,,,,
248369026,18.400,,,,
248369027,18.000,,,,
248369028,17.800,,,,
248369029,18.000,,,,
248369030,17.900,,,,
248369031,18.100,,,,
248369032,18.200,,,,
248369033,17.800,,,,
248369034,18.400,,,,
248369035,17.900,,,,
248369036,18.000,,,,
248369037,17.900,,,,
248369038,18.000,,,,
248369039,18.300,,,,
248369040,17.500,,,,
248369041,17.900,,,,
248369042,18.100,,,,
248369043,18.100,,,,
248369044,17.600,,,,
248369045,17.600,,,,
248369046,17.300,,,,
248369047,17.400,,,,
248369048,18.200,,,,
248369049,18.300,,,,
248369050,17.900,,,,
248369051,17.100,,,,
248369052,17.900,,,,
248369053,17.400,,,,
248369054,17.900,,,,
248369055,17.800,,,,
248369056,17.900,,,,
248369057,18.100,,,,
248369058,17.900,,,,
248369059,17.400,,,,
248369060,18.100,,,,
248369061,17.200,,,,
248369062,18.100,,,,
248369063,17.600,,,,
248369064,17.600,,,,
248369065,18.300,,,,
248369066,18.000,,,,
248369067,18.300,,,,
248369068,18.000,,,,
248369069,18.400,,,,
248369070,17.500,,,,
248369071,18.700,,,,
248369072,17.600,,,,
248369073,17.000,,,,
248369074,17.800,,,,
248369075,18.400,,,,
248369076,18.300,,,,
248369077,17.900,,,,
248369078,17.600,,,,
248369079,18.200,,,,
248369080,18.000,,,,
248369081,17.500,,,,
248369082,17.600,,,,
248369083,18.200,,,,
248369084,18.300,,,,
248369085,18.100,,,,
248369086,17.900,,,,
248369087,18.000,,,,
248369088,18.400,,,,
248369089,17.700,,,,
248369090,17.600,,,,
248369091,17.900,,,,
248369092,17.600,,,,
248369093,17.500,,,,
248369094,18.300,,,,
248369095,17.900,,,,
248369096,17.700,,,,
248369097,17.500,,,,
248369098,17.700,,,,
248369099,16.900,,,,
248369100,17.800,,,,
248369101,18.100,,,,
248369102,17.200,,,,
248369103,18.400,,,,
248369104,18.300,,,,
248369105,18.000,,,,
248369106,18.400,,,,
248369107,18.300,,,,
248369108,17.500,,,,
248369109,18.000,,,,
248369110,17.500,,,,
248369111,18.000,,,,
248369112,18.100,,,,
248369113,17.700,,,,
248369114,17.600,,,,
248369115,17.900,,,,
248369116,18.000,,,,
248369117,18.200,,,,
248369118,18.200,,,,
248369119,18.700,,,,
248369120,18.800,,,,
248369121,19.600,,,,
248369122,17.800,,,,
248369123,19.700,,,,
248369124,16.400,,,,
248369125,18.000,,,,
248369126,18.300,,,,
248369127,18.800,,,,
248369128,18.800,,,,
248369129,18.900,,,,
248369130,19.054,,,,
248369131,17.710,,,,
248369132,16.600,,,,
248369133,16.800,,,,
248369134,17.200,,,,
248369135,16.700,,,,
248369136,16.600,,,,
248369137,16.600,,,,
248369138,16.700,,,,
248369139,16.800,,,,
248369140,17.000,,,,
248369141,17.200,,,,
248369142,17.200,,,,
248369143,17.200,,,,
248369144,17.300,,,,
248369145,17.400,,,,
248369146,17.400,,,,
248369147,17.500,,,,
248369148,17.600,,,,
248369149,17.600,,,,
248369150,17.600,,,,
248369151,17.800,,,,
248369152,17.900,,,,
248369153,17.900,,,,
248369154,18.300,,,,
248369155,18.300,,,,
248369156,18.400,,,,
248369157,18.400,,,,
248369158,18.500,,,,
248369159,18.700,,,,
248369160,18.900,,,,
248369161,19.000,,,,
248369162,19.200,,,,
248369163,19.900,,,,
248369164,19.900,,,,
248369165,20.800,,,,
248369166,16.400,,,,
248369167,17.000,,,,
248369168,18.100,,,,
248369169,18.200,,,,
248369170,18.500,,,,
248369171,18.700,,,,
248369172,18.900,,,,
248369173,17.600,,,,
248369174,17.600,,,,
248369175,18.200,,,,
248369176,19.900,,,,
248369177,17.300,,,,
248369178,17.300,,,,
248369179,17.600,,,,
248369180,17.600,,,,
248369181,18.400,,,,
248369182,18.800,,,,
248369183,19.500,,,,
248369184,20.370,,,,
248369185,20.250,,,,
248369186,20.350,,,,
248369187,20.390,,,,
248369188,20.250,,,,
248369189,20.030,,,,
248369190,20.280,,,,
248369191,20.550,,,,
248369192,22.200,,,,
248369193,22.400,,,,
248369194,22.800,,,,
248369195,22.600,,,,
248369196,22.200,,,,
248369197,22.400,,,,
248369198,22.900,,,,
248369199,23.600,,,,
248369200,22.400,,,,
248369201,23.200,,,,
248369202,23.200,,,,
248369203,22.000,,,,
248369204,22.700,,,,
248369205,22.600,,,,
248369206,23.000,,,,
248369207,22.900,,,,
248369208,22.300,,,,
248369209,23.400,,,,
248369210,22.800,,,,
248369211,16.100,,,,
248369213,15.032,,,,
248369214,15.039,,,,
248369215,15.092,,,,
248369216,15.109,,,,
248369217,15.339,,,,
248369218,15.350,,,,
248369219,15.378,,,,
248369220,15.492,,,,
248369221,15.504,,,,
248369222,15.512,,,,
248369223,15.579,,,,
248369224,15.605,,,,
248369225,15.606,,,,
248369226,15.665,,,,
248369227,15.678,,,,
248369228,15.730,,,,
248369229,15.748,,,,
248369230,15.777,,,,
248369231,15.777,,,,
248369232,15.803,,,,
248369233,15.813,,,,
248369234,15.818,,,,
248369235,15.835,,,,
248369236,15.854,,,,
248369237,15.857,,,,
248369238,15.861,,,,
248369239,15.943,,,,
248369241,15.966,,,,
248369242,15.971,,,,
248369243,15.972,,,,
248369244,15.991,,,,
248369245,15.992,,,,
248369246,16.030,,,,
248369247,16.039,,,,
248369248,16.097,,,,
248369249,16.128,,,,
248369250,16.134,,,,
248369251,16.138,,,,
248369252,16.146,,,,
248369253,16.156,,,,
248369254,16.170,,,,
248369255,16.171,,,,
248369256,16.181,,,,
248369257,16.181,,,,
248369258,16.192,,,,
248369259,16.195,,,,
248369260,16.226,,,,
248369261,16.235,,,,
248369262,16.248,,,,
248369263,16.279,,,,
248369264,16.307,,,,
248369265,16.340,,,,
248369266,16.342,,,,
248369267,16.347,,,,
248369268,16.367,,,,
248369269,16.371,,,,
248369270,16.375,,,,
248369271,16.375,,,,
248369272,16.377,,,,
248369273,16.394,,,,
248369274,16.403,,,,
248369275,16.403,,,,
248369276,16.415,,,,
248369277,16.418,,,,
248369278,16.435,,,,
248369279,16.435,,,,
248369280,16.444,,,,
248369281,16.463,,,,
248369282,16.480,,,,
248369283,16.488,,,,
248369284,16.489,,,,
248369285,16.499,,,,
248369286,16.505,,,,
248369287,16.515,,,,
248369288,16.517,,,,
248369289,16.521,,,,
248369290,16.522,,,,
248369291,16.528,,,,
248369292,16.538,,,,
248369293,16.541,,,,
248369294,16.550,,,,
248369295,16.559,,,,
248369296,16.562,,,,
248369297,16.562,,,,
248369298,16.570,,,,
248369299,16.571,,,,
248369300,16.578,,,,
248369301,16.581,,,,
248369302,16.583,,,,
248369303,16.590,,,,
248369304,16.595,,,,
248369305,16.599,,,,
248369306,16.601,,,,
248369307,16.603,,,,
248369308,16.603,,,,
248369309,16.610,,,,
248369310,16.613,,,,
248369311,16.614,,,,
248369312,16.614,,,,
248369313,16.617,,,,
248369314,16.619,,,,
248369315,16.621,,,,
248369316,16.625,,,,
248369317,16.626,,,,
248369318,16.627,,,,
248369319,16.634,,,,
248369320,16.635,,,,
248369321,16.637,,,,
248369322,16.639,,,,
248369323,16.642,,,,
248369324,16.651,,,,
248369325,16.653,,,,
248369326,16.657,,,,
248369327,16.659,,,,
248369328,16.663,,,,
248369329,16.665,,,,
248369330,16.670,,,,
248369331,16.670,,,,
248369332,16.672,,,,
248369333,16.674,,,,
248369334,16.675,,,,
248369335,16.677,,,,
248369336,16.678,,,,
248369337,16.686,,,,
248369338,16.689,,,,
248369339,16.689,,,,
248369340,16.693,,,,
248369341,16.694,,,,
248369342,16.696,,,,
248369343,16.697,,,,
248369344,16.704,,,,
248369345,16.705,,,,
248369346,16.712,,,,
248369347,16.713,,,,
248369349,16.724,,,,
248369350,16.729,,,,
248369351,16.729,,,,
248369352,16.729,,,,
248369353,16.731,,,,
248369354,16.732,,,,
248369355,16.734,,,,
248369356,16.735,,,,
248369357,16.738,,,,
248369358,16.739,,,,
248369359,16.740,,,,
248369360,16.748,,,,
248369361,16.750,,,,
248369362,16.757,,,,
248369364,16.764,,,,
248369365,16.766,,,,
248369366,16.766,,,,
248369367,16.769,,,,
248369368,16.771,,,,
248369369,16.773,,,,
248369370,16.779,,,,
248369371,16.789,,,,
248369372,16.800,,,,
248369373,16.800,,,,
248369374,16.807,,,,
248369375,16.808,,,,
248369376,16.808,,,,
248369377,16.810,,,,
248369378,16.811,,,,
248369379,16.814,,,,
248369380,16.818,,,,
248369381,16.818,,,,
248369382,16.824,,,,
248369383,16.825,,,,
248369384,16.829,,,,
248369385,16.844,,,,
248369387,16.847,,,,
248369388,16.849,,,,
248369389,16.854,,,,
248369390,16.855,,,,
248369391,16.860,,,,
248369392,16.861,,,,
248369393,16.864,,,,
248369394,16.866,,,,
248369395,16.866,,,,
248369396,16.875,,,,
248369397,16.876,,,,
248369398,16.877,,,,
248369399,16.877,,,,
248369400,16.878,,,,
248369401,16.878,,,,
248369402,16.880,,,,
248369403,16.882,,,,
248369404,16.883,,,,
248369405,16.883,,,,
248369406,16.886,,,,
248369407,16.888,,,,
248369408,16.895,,,,
248369409,16.900,,,,
248369410,16.900,,,,
248369411,16.904,,,,
248369412,16.910,,,,
248369413,16.914,,,,
248369414,16.916,,,,
248369415,16.919,,,,
248369416,16.920,,,,
248369417,16.921,,,,
248369418,16.922,,,,
248369419,16.922,,,,
248369420,16.924,,,,
248369421,16.924,,,,
248369422,16.924,,,,
248369423,16.924,,,,
248369424,16.925,,,,
248369425,16.931,,,,
248369426,16.933,,,,
248369427,16.936,,,,
248369428,16.937,,,,
248369429,16.942,,,,
248369431,16.945,,,,
248369432,16.945,,,,
248369433,16.953,,,,
248369434,16.954,,,,
248369435,16.954,,,,
248369436,16.957,,,,
248369437,16.958,,,,
248369438,16.960,,,,
248369439,16.961,,,,
248369440,16.963,,,,
248369441,16.964,,,,
248369442,16.965,,,,
248369443,16.968,,,,
248369444,16.970,,,,
248369445,16.970,,,,
248369446,16.972,,,,
248369447,16.972,,,,
248369448,16.972,,,,
248369449,16.974,,,,
248369450,16.979,,,,
248369451,16.979,,,,
248369452,16.979,,,,
248369453,16.987,,,,
248369454,16.989,,,,
248369455,16.989,,,,
248369456,16.990,,,,
248369457,16.990,,,,
248369458,16.990,,,,
248369459,16.991,,,,
248369460,16.992,,,,
248369461,16.994,,,,
248369462,16.994,,,,
248369463,16.997,,,,
248369465,16.999,,,,
248369466,17.001,,,,
248369467,17.001,,,,
248369468,17.001,,,,
248369470,17.006,,,,
248369471,17.006,,,,
248369472,17.007,,,,
248369473,17.008,,,,
248369474,17.016,,,,
248369475,17.021,,,,
248369477,17.028,,,,
248369478,17.038,,,,
248369479,17.040,,,,
248369480,17.041,,,,
248369481,17.043,,,,
248369482,17.044,,,,
248369483,17.044,,,,
248369484,17.048,,,,
248369485,17.049,,,,
248369486,17.051,,,,
248369488,17.053,,,,
248369489,17.054,,,,
248369490,17.055,,,,
248369491,17.057,,,,
248369492,17.058,,,,
248369493,17.064,,,,
248369494,17.065,,,,
248369495,17.067,,,,
248369496,17.068,,,,
248369497,17.068,,,,
248369498,17.071,,,,
248369499,17.074,,,,
248369500,17.076,,,,
248369501,17.078,,,,
248369502,17.078,,,,
248369503,17.079,,,,
248369504,17.081,,,,
248369505,17.084,,,,
248369506,17.085,,,,
248369507,17.085,,,,
248369509,17.085,,,,
248369510,17.087,,,,
248369511,17.089,,,,
248369512,17.090,,,,
248369513,17.090,,,,
248369514,17.091,,,,
248369515,17.092,,,,
248369516,17.092,,,,
248369517,17.092,,,,
248369518,17.093,,,,
248369519,17.096,,,,
248369520,17.098,,,,
248369521,17.098,,,,
248369522,17.098,,,,
248369523,17.099,,,,
248369524,17.099,,,,
248369525,17.100,,,,
248369526,17.102,,,,
248369527,17.104,,,,
248369528,17.104,,,,
248369529,17.104,,,,
248369530,17.105,,,,
248369531,17.105,,,,
248369532,17.108,,,,
248369533,17.110,,,,
248369534,17.114,,,,
248369535,17.115,,,,
248369536,17.117,,,,
248369537,17.118,,,,
248369538,17.122,,,,
248369539,17.123,,,,
248369540,17.123,,,,
248369541,17.125,,,,
248369542,17.127,,,,
248369543,17.128,,,,
248369544,17.128,,,,
248369545,17.130,,,,
248369546,17.132,,,,
248369547,17.133,,,,
248369548,17.135,,,,
248369549,17.136,,,,
248369550,17.137,,,,
248369551,17.138,,,,
248369552,17.139,,,,
248369553,17.141,,,,
248369554,17.142,,,,
248369555,17.142,,,,
248369556,17.145,,,,
248369557,17.146,,,,
248369558,17.147,,,,
248369559,17.148,,,,
248369560,17.148,,,,
248369561,17.152,,,,
248369562,17.152,,,,
248369563,17.153,,,,
248369564,17.154,,,,
248369565,17.154,,,,
248369566,17.154,,,,
248369567,17.155,,,,
248369568,17.155,,,,
248369569,17.157,,,,
248369570,17.158,,,,
248369571,17.160,,,,
248369572,17.160,,,,
248369573,17.163,,,,
248369574,17.166,,,,
248369575,17.166,,,,
248369576,17.168,,,,
248369577,17.170,,,,
248369578,17.170,,,,
248369579,17.170,,,,
248369580,17.174,,,,
248369581,17.174,,,,
248369582,17.175,,,,
248369583,17.176,,,,
248369584,17.177,,,,
248369585,17.177,,,,
248369586,17.179,,,,
248369587,17.179,,,,
248369588,17.180,,,,
248369589,17.183,,,,
248369591,17.184,,,,
248369592,17.185,,,,
248369593,17.189,,,,
248369595,17.194,,,,
248369596,17.196,,,,
248369597,17.198,,,,
248369598,17.201,,,,
248369599,17.201,,,,
248369600,17.202,,,,
248369601,17.204,,,,
248369602,17.205,,,,
248369603,17.205,,,,
248369604,17.207,,,,
248369605,17.208,,,,
248369606,17.209,,,,
248369607,17.210,,,,
248369608,17.211,,,,
248369609,17.211,,,,
248369610,17.213,,,,
248369611,17.215,,,,
248369612,17.215,,,,
248369613,17.216,,,,
248369614,17.217,,,,
248369615,17.219,,,,
248369616,17.220,,,,
248369617,17.222,,,,
248369618,17.224,,,,
248369619,17.224,,,,
248369620,17.225,,,,
248369621,17.225,,,,
248369622,17.228,,,,
248369623,17.229,,,,
248369624,17.229,,,,
248369625,17.231,,,,
248369626,17.238,,,,
248369627,17.239,,,,
248369628,17.245,,,,
248369629,17.245,,,,
248369630,17.246,,,,
248369631,17.248,,,,
248369632,17.250,,,,
248369633,17.252,,,,
248369634,17.252,,,,
248369636,17.256,,,,
248369637,17.256,,,,
248369638,17.261,,,,
248369639,17.261,,,,
248369640,17.263,,,,
248369641,17.264,,,,
248369642,17.265,,,,
248369643,17.266,,,,
248369644,17.267,,,,
248369645,17.268,,,,
248369646,17.271,,,,
248369647,17.272,,,,
248369648,17.274,,,,
248369649,17.276,,,,
248369650,17.277,,,,
248369651,17.278,,,,
248369652,17.278,,,,
248369653,17.279,,,,
248369654,17.281,,,,
248369655,17.281,,,,
248369656,17.283,,,,
248369657,17.283,,,,
248369658,17.284,,,,
248369659,17.285,,,,
248369660,17.288,,,,
248369661,17.290,,,,
248369663,17.291,,,,
248369664,17.292,,,,
248369665,17.292,,,,
248369667,17.293,,,,
248369668,17.295,,,,
248369669,17.295,,,,
248369670,17.296,,,,
248369672,17.299,,,,
248369673,17.301,,,,
248369674,17.301,,,,
248369675,17.302,,,,
248369676,17.303,,,,
248369677,17.305,,,,
248369679,17.308,,,,
248369680,17.309,,,,
248369681,17.309,,,,
248369682,17.309,,,,
248369683,17.310,,,,
248369684,17.312,,,,
248369685,17.313,,,,
248369686,17.316,,,,
248369687,17.317,,,,
248369688,17.317,,,,
248369689,17.319,,,,
248369690,17.319,,,,
248369691,17.320,,,,
248369692,17.320,,,,
248369693,17.321,,,,
248369694,17.322,,,,
248369695,17.323,,,,
248369696,17.325,,,,
248369697,17.325,,,,
248369698,17.326,,,,
248369699,17.327,,,,
248369700,17.328,,,,
248369701,17.329,,,,
248369702,17.331,,,,
248369703,17.331,,,,
248369704,17.334,,,,
248369705,17.335,,,,
248369706,17.336,,,,
248369707,17.336,,,,
248369708,17.336,,,,
248369709,17.337,,,,
248369710,17.339,,,,
248369711,17.340,,,,
248369712,17.341,,,,
248369713,17.342,,,,
248369714,17.343,,,,
248369715,17.343,,,,
248369716,17.343,,,,
248369717,17.343,,,,
248369718,17.343,,,,
248369719,17.343,,,,
248369720,17.343,,,,
248369721,17.344,,,,
248369722,17.344,,,,
248369723,17.345,,,,
248369724,17.347,,,,
248369725,17.348,,,,
248369726,17.350,,,,
248369727,17.351,,,,
248369728,17.352,,,,
248369729,17.353,,,,
248369730,17.354,,,,
248369731,17.355,,,,
248369732,17.356,,,,
248369733,17.357,,,,
248369734,17.358,,,,
248369735,17.359,,,,
248369736,17.359,,,,
248369737,17.359,,,,
248369738,17.359,,,,
248369739,17.362,,,,
248369740,17.362,,,,
248369741,17.362,,,,
248369742,17.363,,,,
248369743,17.364,,,,
248369744,17.364,,,,
248369745,17.364,,,,
248369746,17.365,,,,
248369747,17.366,,,,
248369749,17.367,,,,
248369750,17.367,,,,
248369751,17.368,,,,
248369752,17.370,,,,
248369753,17.370,,,,
248369754,17.370,,,,
248369755,17.370,,,,
248369756,17.372,,,,
248369757,17.372,,,,
248369759,17.374,,,,
248369760,17.375,,,,
248369761,17.376,,,,
248369762,17.377,,,,
248369763,17.377,,,,
248369764,17.378,,,,
248369766,17.380,,,,
248369767,17.381,,,,
248369768,17.382,,,,
248369769,17.382,,,,
248369770,17.383,,,,
248369771,17.383,,,,
248369772,17.385,,,,
248369773,17.389,,,,
248369774,17.389,,,,
248369775,17.390,,,,
248369776,17.390,,,,
248369777,17.390,,,,
248369778,17.390,,,,
248369779,17.392,,,,
248369780,17.392,,,,
248369781,17.393,,,,
248369782,17.393,,,,
248369783,17.393,,,,
248369784,17.394,,,,
248369785,17.396,,,,
248369786,17.396,,,,
248369787,17.401,,,,
248369788,17.401,,,,
248369789,17.402,,,,
248369790,17.402,,,,
248369791,17.403,,,,
248369792,17.406,,,,
248369793,17.406,,,,
248369794,17.407,,,,
248369795,17.407,,,,
248369796,17.407,,,,
248369797,17.409,,,,
248369798,17.409,,,,
248369799,17.410,,,,
248369800,17.410,,,,
248369801,17.412,,,,
248369802,17.412,,,,
248369803,17.412,,,,
248369804,17.413,,,,
248369805,17.414,,,,
248369806,17.414,,,,
248369807,17.414,,,,
248369808,17.415,,,,
248369809,17.416,,,,
248369810,17.418,,,,
248369811,17.419,,,,
248369813,17.422,,,,
248369814,17.423,,,,
248369815,17.424,,,,
248369816,17.426,,,,
248369817,17.426,,,,
248369818,17.427,,,,
248369819,17.427,,,,
248369820,17.427,,,,
248369821,17.428,,,,
248369822,17.429,,,,
248369823,17.429,,,,
248369824,17.430,,,,
248369825,17.431,,,,
248369826,17.432,,,,
248369827,17.432,,,,
248369828,17.433,,,,
248369829,17.433,,,,
248369830,17.434,,,,
248369831,17.435,,,,
248369832,17.435,,,,
248369833,17.435,,,,
248369834,17.435,,,,
248369835,17.435,,,,
248369836,17.435,,,,
248369837,17.436,,,,
248369838,17.436,,,,
248369839,17.437,,,,
248369841,17.439,,,,
248369842,17.439,,,,
248369843,17.439,,,,
248369844,17.439,,,,
248369845,17.440,,,,
248369846,17.440,,,,
248369847,17.442,,,,
248369848,17.443,,,,
248369849,17.444,,,,
248369850,17.444,,,,
248369851,17.444,,,,
248369852,17.446,,,,
248369853,17.446,,,,
248369854,17.446,,,,
248369855,17.447,,,,
248369856,17.448,,,,
248369857,17.451,,,,
248369858,17.452,,,,
248369859,17.452,,,,
248369860,17.453,,,,
248369861,17.454,,,,
248369862,17.454,,,,
248369863,17.455,,,,
248369864,17.456,,,,
248369866,17.459,,,,
248369867,17.459,,,,
248369868,17.459,,,,
248369870,17.460,,,,
248369871,17.460,,,,
248369872,17.460,,,,
248369873,17.463,,,,
248369874,17.463,,,,
248369875,17.463,,,,
248369876,17.464,,,,
248369877,17.466,,,,
248369878,17.467,,,,
248369879,17.467,,,,
248369880,17.468,,,,
248369881,17.468,,,,
248369882,17.471,,,,
248369883,17.472,,,,
248369884,17.473,,,,
248369885,17.473,,,,
248369886,17.473,,,,
248369887,17.474,,,,
248369888,17.475,,,,
248369889,17.476,,,,
248369890,17.476,,,,
248369891,17.477,,,,
248369892,17.478,,,,
248369893,17.479,,,,
248369894,17.480,,,,
248369895,17.480,,,,
248369896,17.480,,,,
248369898,17.482,,,,
248369899,17.482,,,,
248369900,17.483,,,,
248369901,17.483,,,,
248369902,17.483,,,,
248369903,17.483,,,,
248369904,17.485,,,,
248369905,17.485,,,,
248369906,17.485,,,,
248369907,17.486,,,,
248369908,17.486,,,,
248369909,17.487,,,,
248369910,17.488,,,,
248369911,17.488,,,,
248369912,17.489,,,,
248369913,17.491,,,,
248369914,17.491,,,,
248369915,17.491,,,,
248369916,17.491,,,,
248369917,17.492,,,,
248369918,17.493,,,,
248369919,17.495,,,,
248369920,17.495,,,,
248369921,17.496,,,,
248369922,17.496,,,,
248369923,17.497,,,,
248369924,17.498,,,,
248369925,17.499,,,,
248369926,17.500,,,,
248369927,17.501,,,,
248369928,17.502,,,,
248369929,17.502,,,,
248369930,17.502,,,,
248369931,17.503,,,,
248369932,17.503,,,,
248369933,17.504,,,,
248369934,17.505,,,,
248369935,17.505,,,,
248369936,17.508,,,,
248369937,17.508,,,,
248369938,17.508,,,,
248369939,17.509,,,,
248369940,17.509,,,,
248369941,17.511,,,,
248369942,17.511,,,,
248369943,17.512,,,,
248369944,17.513,,,,
248369945,17.514,,,,
248369946,17.514,,,,
248369947,17.514,,,,
248369948,17.516,,,,
248369949,17.516,,,,
248369950,17.517,,,,
248369951,17.517,,,,
248369952,17.520,,,,
248369953,17.520,,,,
248369954,17.520,,,,
248369955,17.521,,,,
248369956,17.521,,,,
248369957,17.521,,,,
248369958,17.522,,,,
248369959,17.522,,,,
248369960,17.524,,,,
248369961,17.524,,,,
248369963,17.526,,,,
248369964,17.527,,,,
248369965,17.527,,,,
248369966,17.527,,,,
248369967,17.527,,,,
248369968,17.529,,,,
248369969,17.529,,,,
248369970,17.529,,,,
248369971,17.530,,,,
248369972,17.531,,,,
248369973,17.531,,,,
248369974,17.531,,,,
248369975,17.531,,,,
248369976,17.531,,,,
248369977,17.532,,,,
248369978,17.532,,,,
248369979,17.532,,,,
248369980,17.532,,,,
248369981,17.532,,,,
248369982,17.532,,,,
248369983,17.532,,,,
248369984,17.534,,,,
248369985,17.535,,,,
248369986,17.536,,,,
248369987,17.536,,,,
248369988,17.536,,,,
248369989,17.536,,,,
248369990,17.537,,,,
248369991,17.537,,,,
248369992,17.537,,,,
248369993,17.538,,,,
248369994,17.538,,,,
248369995,17.538,,,,
248369996,17.538,,,,
248369997,17.539,,,,
248369998,17.540,,,,
248369999,17.540,,,,
248370000,17.540,,,,
248370001,17.540,,,,
248370002,17.540,,,,
248370003,17.541,,,,
248370004,17.542,,,,
248370005,17.542,,,,
248370006,17.546,,,,
248370007,17.546,,,,
248370008,17.547,,,,
248370009,17.547,,,,
248370010,17.548,,,,
248370011,17.548,,,,
248370012,17.548,,,,
248370013,17.549,,,,
248370014,17.551,,,,
248370015,17.551,,,,
248370016,17.551,,,,
248370017,17.552,,,,
248370018,17.553,,,,
248370019,17.553,,,,
248370020,17.553,,,,
248370021,17.554,,,,
248370022,17.554,,,,
248370023,17.554,,,,
248370024,17.554,,,,
248370025,17.555,,,,
248370026,17.555,,,,
248370027,17.555,,,,
248370028,17.555,,,,
248370029,17.556,,,,
248370031,17.557,,,,
248370032,17.557,,,,
248370033,17.558,,,,
248370034,17.559,,,,
248370035,17.559,,,,
248370036,17.559,,,,
248370037,17.559,,,,
248370038,17.560,,,,
248370039,17.561,,,,
248370040,17.562,,,,
248370041,17.562,,,,
248370042,17.562,,,,
248370043,17.563,,,,
248370044,17.563,,,,
248370045,17.563,,,,
248370046,17.563,,,,
248370047,17.563,,,,
248370048,17.564,,,,
248370049,17.564,,,,
248370050,17.565,,,,
248370051,17.566,,,,
248370052,17.567,,,,
248370053,17.567,,,,
248370054,17.567,,,,
248370055,17.568,,,,
248370056,17.568,,,,
248370057,17.569,,,,
248370058,17.569,,,,
248370059,17.569,,,,
248370060,17.570,,,,
248370061,17.570,,,,
248370062,17.570,,,,
248370063,17.571,,,,
248370064,17.571,,,,
248370065,17.571,,,,
248370066,17.571,,,,
248370067,17.571,,,,
248370068,17.572,,,,
248370069,17.572,,,,
248370070,17.574,,,,
248370071,17.574,,,,
248370072,17.575,,,,
248370073,17.576,,,,
248370074,17.576,,,,
248370075,17.576,,,,
248370076,17.577,,,,
248370077,17.577,,,,
248370078,17.579,,,,
248370079,17.580,,,,
248370080,17.580,,,,
248370081,17.581,,,,
248370082,17.581,,,,
248370083,17.582,,,,
248370084,17.582,,,,
248370085,17.582,,,,
248370086,17.582,,,,
248370087,17.582,,,,
248370088,17.583,,,,
248370089,17.584,,,,
248370090,17.584,,,,
248370091,17.584,,,,
248370092,17.584,,,,
248370093,17.585,,,,
248370094,17.585,,,,
248370095,17.586,,,,
248370096,17.586,,,,
248370097,17.587,,,,
248370099,17.588,,,,
248370100,17.588,,,,
248370101,17.589,,,,
248370102,17.589,,,,
248370103,17.590,,,,
248370104,17.590,,,,
248370105,17.591,,,,
248370106,17.593,,,,
248370107,17.594,,,,
248370108,17.594,,,,
248370109,17.594,,,,
248370110,17.594,,,,
248370111,17.595,,,,
248370112,17.596,,,,
248370113,17.597,,,,
248370114,17.597,,,,
248370115,17.597,,,,
248370116,17.597,,,,
248370117,17.598,,,,
248370118,17.598,,,,
248370119,17.598,,,,
248370121,17.599,,,,
248370122,17.599,,,,
248370123,17.599,,,,
